rs6882046_A,rs2718058_A,rs11771145_G,rs10498633_G,rs8106922_A,rs5167_T,DX
2,2,2,2,2,1,0
1,0,2,1,1,2,2
1,2,1,1,1,2,1
2,2,1,0,1,2,2
1,0,2,0,2,1,0
2,1,1,2,1,2,0
0,2,0,2,2,2,0
2,2,2,2,1,0,1
2,0,2,2,0,1,0
2,0,1,2,1,2,1
0,1,2,2,1,1,0
1,2,0,2,2,2,0
2,2,1,2,2,1,0
1,0,2,2,2,0,2
0,1,1,2,1,1,0
2,2,2,2,1,1,1
1,1,1,2,2,2,2
1,2,1,1,2,1,1
2,0,1,1,2,1,1
2,0,2,2,2,1,0
2,1,0,2,2,2,1
2,1,2,2,2,1,0
0,0,1,1,2,2,2
1,2,2,1,1,1,0
1,0,0,1,2,1,1
2,1,2,2,2,0,0
2,1,1,2,1,1,2
1,1,2,2,1,2,0
2,1,1,1,2,1,2
0,1,1,2,1,1,0
1,2,2,1,2,1,1
1,1,2,1,1,1,1
1,1,2,1,2,2,1
0,1,2,2,1,2,0
0,1,2,2,1,2,1
2,1,2,0,0,1,1
2,2,2,2,2,1,1
2,0,0,1,2,1,1
2,2,0,2,1,1,2
1,1,0,2,2,2,1
2,2,1,2,1,2,1
0,2,2,1,2,2,1
1,1,2,1,1,1,1
1,0,1,1,1,1,0
0,0,0,2,2,0,0
1,2,1,1,0,1,1
2,2,1,2,2,2,0
1,1,0,2,2,1,1
1,2,1,2,1,1,1
1,1,1,2,2,2,0
1,2,2,2,2,2,0
1,2,1,2,0,1,2
2,1,1,1,1,1,0
2,1,1,1,2,1,2
1,1,1,2,0,1,1
2,1,2,2,1,2,0
2,2,1,2,2,2,1
2,2,1,2,2,1,1
0,1,2,2,1,1,0
1,1,2,1,1,0,1
2,1,1,2,1,2,1
2,1,1,2,0,0,1
0,2,1,2,0,1,1
2,1,1,2,1,0,2
1,0,0,1,2,2,1
2,0,2,1,2,1,1
2,2,1,2,0,1,0
2,1,2,1,2,1,0
2,2,2,2,2,2,2
2,0,0,1,2,2,0
2,1,1,1,2,2,2
2,1,2,2,2,2,0
1,0,1,2,1,1,0
2,1,2,1,2,1,2
0,1,0,2,1,2,1
2,1,2,2,1,0,2
1,1,1,1,1,0,1
2,0,2,2,2,0,1
2,1,1,1,2,1,2
2,1,1,1,2,1,0
1,2,2,2,1,1,1
2,2,1,1,2,1,0
2,2,1,1,1,2,1
2,1,1,2,2,1,2
1,1,2,1,1,1,1
0,2,2,1,2,0,1
2,2,1,2,1,0,1
2,2,1,1,1,2,2
1,1,2,2,1,2,0
2,2,2,2,2,1,2
1,0,1,2,1,2,1
2,1,2,1,1,1,0
1,0,2,2,1,2,1
1,0,1,2,2,1,0
1,0,2,0,2,1,2
1,1,2,1,2,1,1
2,2,1,2,1,1,1
2,0,1,2,1,1,1
1,2,1,2,1,2,0
2,2,1,1,2,0,1
2,2,2,2,2,0,2
1,1,2,2,0,2,0
2,1,0,2,1,1,1
0,1,1,2,1,1,1
2,1,1,2,2,1,0
2,1,2,2,2,0,2
2,2,2,2,2,1,2
2,1,1,2,0,2,1
1,0,1,2,2,1,1
2,0,2,2,1,2,0
1,1,0,2,0,1,0
1,0,1,2,2,1,1
2,1,0,2,0,2,2
1,1,1,2,1,1,0
1,1,1,1,2,1,1
2,0,1,2,2,1,1
2,1,1,2,1,2,1
2,1,2,2,2,1,0
2,2,2,2,1,1,0
1,2,1,2,1,2,1
2,1,1,2,1,1,1
1,2,2,2,2,2,1
1,0,2,2,1,1,1
1,2,0,1,1,1,1
2,2,1,2,1,1,0
2,2,1,2,0,1,1
0,0,2,2,1,2,2
1,1,1,1,1,1,1
1,0,1,2,2,1,1
1,0,1,2,1,1,0
0,1,2,1,2,1,0
1,1,2,2,2,1,0
2,2,2,2,2,2,2
2,2,1,2,1,0,2
1,2,1,2,2,2,2
2,1,1,1,1,2,0
1,1,2,1,1,0,2
1,1,1,2,2,1,1
2,1,2,2,0,1,0
1,1,1,1,2,0,1
2,1,2,1,1,2,0
2,1,2,2,2,1,0
2,2,2,1,1,1,0
2,1,2,1,1,0,1
1,1,2,2,1,1,2
2,1,2,1,1,0,1
2,1,2,1,0,2,2
1,1,2,2,2,2,2
1,2,1,2,2,2,1
2,2,0,2,1,1,2
2,1,2,2,1,1,0
1,2,0,2,1,1,1
2,2,1,2,2,1,0
1,1,2,1,2,1,1
2,2,2,2,2,1,1
1,2,2,2,1,2,2
2,2,0,1,2,2,0
1,2,1,2,2,1,1
1,2,1,2,2,1,1
1,2,1,2,0,2,2
1,2,2,0,2,1,1
1,2,0,2,2,1,2
1,0,0,2,0,1,1
2,0,1,2,1,1,1
0,2,1,2,2,1,1
2,2,0,2,2,1,1
2,2,2,1,0,1,1
1,2,1,2,2,1,1
1,1,1,2,1,2,0
1,2,1,1,2,1,1
1,2,1,2,1,2,1
2,1,2,2,0,1,1
2,2,1,2,1,1,2
1,1,2,2,2,2,1
2,1,1,2,1,2,1
1,0,1,1,1,2,1
2,2,2,2,1,1,1
2,1,1,1,1,2,0
2,1,2,2,1,2,0
1,1,2,2,1,1,0
2,1,2,2,1,2,1
2,1,1,0,2,2,1
2,1,2,2,1,1,0
2,2,1,2,2,1,2
1,1,1,2,0,2,0
2,0,1,2,2,1,0
2,1,1,1,1,2,2
1,2,2,2,1,1,1
2,2,1,2,2,2,0
2,2,1,2,2,1,0
2,0,2,2,1,1,0
1,1,1,0,1,1,0
2,2,2,2,1,1,2
1,1,1,2,1,2,2
2,2,2,2,2,2,1
1,2,1,2,1,2,1
1,1,1,2,2,2,1
2,1,1,2,1,1,1
1,0,1,1,0,0,1
1,2,1,2,1,2,1
2,2,2,2,2,1,1
1,1,1,2,2,2,2
1,0,2,2,0,1,1
2,1,1,1,0,2,2
1,0,1,1,1,2,0
1,1,0,2,2,1,0
2,1,1,2,1,2,0
1,2,2,2,1,1,2
2,2,0,2,2,1,1
1,2,0,2,2,2,1
1,1,1,2,2,2,1
1,1,0,2,2,1,0
2,1,1,1,2,2,0
1,0,0,2,0,1,1
1,2,1,2,2,1,1
2,1,0,2,2,2,0
2,2,1,1,1,1,1
1,2,1,2,2,1,2
1,1,2,2,1,1,2
2,0,1,1,1,2,1
1,2,2,1,1,2,2
1,0,1,2,1,0,1
1,0,1,2,2,1,0
1,1,2,2,1,2,1
2,2,1,2,2,0,2
2,2,2,2,2,1,1
2,1,2,2,2,1,2
1,1,2,2,2,1,0
2,1,0,1,1,1,1
2,1,2,1,2,0,1
0,2,2,1,1,2,0
2,2,0,2,2,1,0
1,2,2,1,2,1,0
1,2,1,2,2,2,2
2,1,1,2,1,2,1
1,2,1,2,2,2,1
2,1,1,1,2,2,1
0,1,0,2,2,0,1
0,0,2,1,2,1,2
1,2,1,2,2,1,0
2,1,2,2,1,2,2
2,1,1,2,1,1,2
2,2,1,1,2,0,1
2,1,1,1,2,2,0
2,2,2,1,1,2,1
2,2,1,1,1,1,0
0,2,1,2,1,1,1
1,2,1,0,0,2,0
1,1,2,1,2,0,0
2,0,1,2,2,2,1
2,0,1,2,1,1,1
1,1,2,2,0,2,1
2,2,2,2,1,1,1
1,1,2,2,2,2,1
1,1,2,1,1,2,2
2,1,1,2,1,1,1
1,1,1,1,1,1,0
2,1,1,2,1,0,1
0,2,1,2,1,2,1
1,1,0,1,0,2,0
2,1,0,2,1,1,2
2,2,1,1,2,1,1
1,2,2,2,1,1,1
1,0,1,1,1,0,1
1,2,2,2,0,2,1
1,1,2,2,2,2,0
2,1,1,2,1,2,1
2,2,2,2,2,1,0
0,1,2,2,1,0,1
2,2,2,1,1,0,2
1,1,2,1,1,0,1
2,1,1,2,2,2,1
2,0,1,2,2,0,1
0,0,1,2,2,1,1
2,2,2,1,2,2,2
1,2,1,2,2,0,2
2,1,1,2,2,2,0
1,2,2,2,2,1,1
0,1,2,1,0,1,0
1,1,0,2,1,1,1
2,1,0,2,1,0,0
0,1,1,2,0,2,1
1,2,2,2,1,0,0
1,1,1,1,1,1,2
2,0,2,1,1,1,2
2,0,0,2,0,1,0
2,2,1,1,1,1,2
2,1,1,1,2,1,0
0,1,2,2,1,2,0
1,1,0,2,1,1,0
2,2,2,2,1,1,1
1,1,1,1,0,0,1
2,2,2,2,2,1,1
2,0,2,2,2,1,2
1,2,2,2,0,1,0
1,1,2,2,1,2,2
2,2,2,2,1,1,2
2,2,1,1,0,2,1
1,2,2,1,1,1,1
1,1,1,2,2,1,2
2,2,1,0,0,0,1
2,2,2,2,1,1,0
2,0,2,2,1,0,0
2,0,2,2,0,1,1
0,2,2,2,2,1,1
2,2,0,2,2,1,1
1,1,2,2,2,1,2
2,1,1,1,2,2,2
1,1,1,1,2,2,1
2,1,2,1,1,1,1
0,1,1,2,1,0,1
2,1,1,2,1,1,1
2,1,2,1,2,2,1
1,2,1,2,0,0,1
2,2,1,2,1,0,1
1,1,1,1,1,0,0
1,0,2,1,2,2,2
2,1,1,2,2,1,1
1,2,1,1,2,1,1
1,2,1,2,2,1,1
2,2,1,2,2,1,1
1,1,1,2,1,2,1
1,1,2,2,2,1,0
2,1,2,1,1,1,0
1,1,2,2,2,1,1
2,2,1,1,1,1,1
2,2,2,1,1,1,2
2,2,1,2,1,1,1
1,2,1,2,2,1,1
2,2,1,2,1,1,2
1,1,2,2,2,1,2
1,1,2,1,1,1,0
1,0,2,2,2,1,2
1,1,1,2,1,1,2
1,0,0,2,0,0,1
1,2,1,2,2,2,2
1,2,0,2,1,2,0
1,2,1,1,1,0,1
1,1,0,2,2,1,0
1,2,1,2,2,0,2
0,1,1,2,2,1,0
1,2,0,1,2,1,1
2,1,1,2,2,1,2
2,1,2,2,2,1,2
2,1,1,2,2,0,1
2,1,2,2,2,0,1
2,0,2,2,1,1,1
2,2,0,2,1,1,0
1,0,1,2,2,2,0
2,2,2,2,2,2,0
2,1,1,1,1,1,1
1,2,2,1,2,0,1
2,1,1,2,2,1,2
1,2,1,2,2,1,1
1,0,2,1,2,2,1
1,1,2,2,2,1,2
1,0,2,1,1,1,1
2,0,1,2,2,2,1
2,1,1,2,1,1,1
2,1,2,1,2,2,0
2,1,2,2,2,1,2
1,1,1,1,2,1,1
1,2,1,1,1,1,1
1,1,1,2,2,1,1
1,1,2,2,2,1,1
1,1,2,2,2,0,2
1,1,0,1,2,0,1
0,2,2,2,1,0,0
1,1,1,2,1,1,1
1,1,2,2,1,1,0
2,2,1,1,2,2,2
2,1,1,2,1,1,0
2,2,2,2,0,2,1
2,1,1,2,1,2,0
1,1,0,2,2,2,2
2,2,2,2,1,1,2
2,1,1,1,1,0,0
2,2,1,2,1,1,1
1,0,2,2,2,2,0
1,2,1,2,1,0,0
1,2,2,2,1,1,1
2,1,2,1,1,2,1
2,2,1,1,1,1,2
2,1,2,1,1,0,0
1,1,1,2,1,2,2
1,1,0,1,0,1,2
1,0,1,1,0,2,1
1,2,1,2,2,2,1
2,2,1,2,2,0,1
2,2,2,1,0,2,1
1,1,2,1,2,1,1
2,2,1,2,1,2,1
1,0,2,2,0,0,2
1,1,1,1,2,1,1
0,1,1,2,2,1,1
2,2,2,2,1,2,1
1,2,1,2,2,1,2
1,0,2,2,2,1,1
2,0,1,1,2,2,1
1,2,1,2,0,0,1
2,2,1,2,1,2,0
2,1,2,2,1,1,0
2,2,0,2,1,2,2
2,1,1,2,1,2,0
0,2,2,2,1,0,0
2,1,2,2,2,1,2
1,2,1,1,2,1,0
2,1,1,2,1,1,2
0,2,2,1,1,0,1
1,2,2,1,2,1,1
2,2,0,2,2,1,1
2,1,2,2,1,2,1
2,1,2,2,2,1,1
1,1,1,2,0,0,0
1,1,1,2,2,2,1
2,1,2,1,2,0,2
2,1,0,2,2,1,2
2,1,0,2,2,1,1
1,1,1,2,1,1,2
1,1,1,1,1,2,1
2,2,1,2,1,2,2
2,2,1,2,2,1,1
1,1,0,2,1,0,1
1,2,0,2,2,2,0
2,1,2,1,2,0,2
2,2,1,1,2,1,0
2,1,2,2,1,1,0
2,1,0,2,1,1,1
1,2,2,1,2,2,0
2,1,1,2,2,2,2
1,1,1,2,1,0,0
2,2,0,1,2,0,1
2,2,2,2,1,1,2
2,2,1,2,2,1,2
2,2,1,2,2,2,1
1,2,1,2,2,2,1
2,1,2,1,1,0,1
2,0,1,2,1,1,1
2,0,1,1,1,2,1
1,2,2,1,0,1,1
1,2,2,2,1,2,0
1,1,2,1,1,2,0
0,2,2,1,1,1,0
1,1,1,2,2,1,0
1,0,2,2,2,1,0
0,1,2,0,2,1,1
1,2,1,1,2,0,2
2,1,2,1,1,2,2
1,2,2,1,2,1,1
2,2,1,1,2,1,2
1,1,2,2,2,1,0
1,1,1,2,2,1,1
2,1,0,1,0,1,0
2,1,1,1,1,2,0
2,2,2,0,0,2,1
2,2,1,2,1,1,1
1,1,2,2,0,1,1
1,2,1,0,1,1,1
1,0,1,2,2,2,2
2,2,2,2,1,1,1
1,2,1,2,1,1,1
1,0,2,1,1,1,2
1,2,2,2,1,1,2
2,1,2,1,2,1,1
2,2,2,2,1,2,0
0,1,1,2,1,1,2
2,2,2,2,1,1,0
1,2,1,1,1,2,1
1,1,2,2,2,1,1
2,1,1,2,2,1,1
2,2,0,1,1,2,2
2,2,2,1,1,2,0
2,2,2,2,1,1,1
2,1,1,1,2,2,0
1,1,1,1,2,2,1
1,1,2,2,1,0,1
2,1,2,2,2,2,2
1,2,2,2,1,1,2
1,0,2,2,2,1,1
2,2,1,2,1,1,1
1,1,1,1,0,1,2
1,2,1,2,1,1,0
2,1,2,2,1,0,2
1,1,1,2,1,2,0
2,1,1,2,2,1,1
1,1,2,0,1,1,1
2,1,1,2,2,1,1
1,0,1,1,1,0,0
2,0,0,2,2,2,1
2,2,2,2,2,2,1
1,2,1,1,1,2,0
1,1,2,2,2,1,2
1,1,2,1,0,2,2
1,2,2,2,1,2,2
2,2,2,1,1,2,1
1,2,2,2,2,1,1
0,1,2,2,2,1,2
1,1,2,2,2,2,1
1,2,2,2,1,1,1
2,2,1,1,1,1,0
1,2,2,1,1,2,0
1,2,1,2,2,2,1
1,0,2,2,1,0,2
0,2,1,2,2,2,0
2,1,0,1,2,1,1
1,2,1,1,1,1,1
1,2,1,1,2,1,1
2,0,2,2,2,1,1
0,1,0,1,0,2,1
2,0,0,0,1,1,0
2,1,2,2,0,2,0
2,2,1,2,2,2,0
1,2,2,2,2,0,0
2,0,1,2,2,2,1
2,1,2,2,2,2,1
2,2,1,0,1,1,2
0,0,1,2,1,1,1
2,0,2,1,2,1,0
0,1,1,2,0,1,1
1,1,1,2,0,2,1
0,1,2,2,1,2,1
2,0,1,2,1,0,1
2,1,2,2,0,1,1
0,1,1,1,2,2,1
2,1,1,2,2,0,2
2,1,1,2,1,2,1
1,1,2,2,2,0,2
1,2,0,1,2,1,1
2,1,2,2,2,1,0
0,0,1,2,1,1,1
2,1,1,1,2,0,1
2,1,2,2,1,0,1
2,1,2,2,2,1,1
2,2,2,2,2,1,0
2,1,2,1,0,1,1
0,1,1,1,2,0,1
1,1,1,2,2,1,1
2,1,2,0,1,0,2
1,2,2,1,0,2,1
1,1,2,1,2,2,2
2,1,1,2,2,2,2
2,2,2,2,1,2,2
2,0,1,1,2,2,2
1,1,0,2,2,1,1
1,0,0,2,1,1,1
1,1,1,2,2,0,1
2,1,1,2,1,1,1
1,1,1,1,2,2,1
0,2,1,2,0,0,1
2,1,1,2,1,0,1
2,1,2,1,2,2,2
2,2,1,2,1,2,1
2,1,1,1,1,1,2
2,2,2,1,1,2,1
2,1,2,1,1,1,1
2,1,1,2,0,2,1
2,0,2,1,0,1,0
1,1,1,2,2,1,2
0,1,2,2,1,1,1
1,2,2,2,1,2,0
2,2,2,0,1,1,1
1,1,1,2,2,1,1
2,1,1,2,2,1,1
2,2,2,2,2,2,0
2,1,2,0,0,1,2
1,0,2,1,1,0,1
0,2,2,2,2,1,2
2,1,0,2,2,0,2
2,2,2,2,1,2,2
2,0,2,1,1,2,1
2,2,2,2,1,1,0
2,0,2,1,2,2,1
0,1,0,1,1,1,0
1,1,2,2,1,0,2
2,2,1,2,2,2,0
2,1,2,2,1,1,2
1,2,2,0,1,1,0
2,2,2,2,2,1,1
1,1,2,1,1,2,2
2,2,2,2,2,1,2
2,1,1,2,2,2,1
1,2,1,2,2,1,0
2,2,2,1,2,1,0
1,2,2,2,2,2,2
2,2,2,2,1,1,2
2,2,2,2,1,2,1
1,2,2,1,2,1,2
2,2,2,2,2,2,1
1,2,1,2,2,0,2
1,1,2,1,2,1,1
1,2,2,2,2,0,0
2,0,2,2,2,1,1
2,0,1,2,2,2,0
2,1,1,2,0,1,1
1,2,1,1,1,2,1
1,2,2,1,1,2,0
1,2,1,2,1,2,2
2,2,0,2,2,0,1
1,1,1,1,1,1,1
1,2,1,1,1,2,0
0,2,1,2,2,1,1
1,1,2,2,2,2,1
2,1,2,2,1,2,1
2,2,0,0,2,2,0
2,2,2,1,1,1,1
0,1,1,0,2,1,1
2,1,1,2,2,2,2
1,2,1,2,1,1,2
1,0,1,2,2,1,0
2,1,1,2,1,0,0
2,1,2,2,2,2,0
2,2,1,0,2,1,1
2,2,1,2,1,1,2
1,1,2,1,2,0,1
2,2,2,2,0,0,2
2,1,1,2,1,2,0
2,2,2,2,1,2,1
2,2,2,1,2,1,1
2,2,2,2,2,1,1
2,2,0,2,2,2,0
1,1,1,2,0,1,2
1,1,1,1,2,2,1
2,2,1,2,1,1,1
2,0,2,1,1,1,0
2,1,2,2,2,1,2
0,1,1,2,1,2,1
2,1,1,2,1,1,2
0,2,1,2,2,2,1
2,2,2,1,2,1,1
2,0,0,2,1,2,0
2,2,1,2,1,1,2
1,1,0,2,1,0,1
2,0,2,2,0,1,0
2,2,0,1,1,2,2
2,2,1,2,2,1,1
0,2,1,1,2,1,1
2,1,2,2,1,2,1
1,2,1,1,1,0,0
2,1,2,1,1,2,0
1,2,0,2,1,1,0
1,1,2,2,1,2,1
0,2,0,2,1,2,2
1,2,1,1,2,1,2
1,0,2,1,2,0,1
2,1,2,2,1,1,1
1,2,2,2,1,2,2
2,1,2,2,2,2,2
0,2,2,2,2,2,1
2,0,2,1,2,2,0
1,0,1,2,0,2,0
2,1,2,0,1,1,0
1,2,0,2,1,2,1
2,2,2,1,0,2,2
2,2,1,2,1,1,1
2,1,2,1,1,1,0
1,1,2,2,1,0,1
1,1,2,2,2,1,1
2,0,2,2,1,2,1
1,1,1,1,1,2,2
1,1,2,2,1,1,2
1,1,1,2,1,0,1
1,1,1,1,1,1,2
2,1,0,1,0,2,0
1,1,2,2,0,0,0
1,1,2,1,2,1,2
2,2,1,2,2,2,1
2,2,1,2,1,1,0
2,1,2,2,1,1,0
2,0,2,1,2,1,2
2,1,2,2,1,1,0
1,2,1,2,1,2,0
2,2,2,1,0,1,0
0,2,2,2,1,2,0
1,1,2,1,1,2,0
2,1,2,0,1,2,1
1,1,2,2,1,2,0
2,1,2,2,1,1,1
2,1,2,2,1,2,1
2,1,1,1,1,2,0
1,1,2,1,1,1,2
1,1,1,2,2,2,2
2,1,2,1,0,2,2
2,2,1,2,1,2,0
2,1,1,2,2,1,1
2,2,2,2,1,0,1
0,1,1,1,2,2,0
1,1,1,1,1,2,0
1,1,2,2,1,2,2
2,0,2,2,2,0,2
2,0,1,2,2,1,1
0,2,2,2,1,2,0
0,1,0,2,1,2,0
1,2,2,2,1,1,2
2,2,2,2,1,2,0
1,0,1,0,1,2,0
2,2,1,1,2,2,1
1,1,1,1,2,1,1
2,2,1,2,1,0,1
1,2,2,2,2,2,1
2,2,1,2,2,1,0
2,0,2,1,2,1,2
2,2,2,2,2,2,0
2,0,1,2,2,1,1
1,1,2,1,2,1,1
1,2,0,2,1,1,2
1,1,0,2,1,1,1
2,0,0,1,1,2,1
0,1,2,1,2,1,2
2,2,2,2,1,1,1
2,1,2,0,1,1,1
2,1,2,1,1,1,1
1,1,1,2,1,0,0
1,1,1,2,2,2,1
2,1,0,2,1,2,1
1,2,1,2,2,0,2
2,2,1,2,2,0,1
0,0,2,2,2,2,1
2,1,2,2,1,1,0
2,1,1,2,1,1,0
2,1,2,2,1,0,1
1,2,1,2,2,1,0
1,2,2,2,1,2,1
1,2,1,1,2,2,0
2,2,2,1,2,1,0
2,1,0,2,1,0,1
1,2,1,2,2,1,1
2,2,1,1,2,1,2
2,2,2,2,2,2,1
0,2,1,1,1,1,1
1,2,2,1,1,2,1
0,1,1,0,0,2,1
1,1,2,2,2,2,1
1,0,1,1,0,0,0
2,0,1,2,1,1,0
1,0,2,1,2,2,2
1,1,1,1,2,1,2
2,2,1,2,1,1,1
2,1,1,1,2,2,2
1,1,2,2,0,1,1
1,1,1,2,1,1,1
2,1,2,2,2,1,2
2,0,0,1,2,1,0
1,2,1,2,1,1,0
2,2,2,2,2,1,0
2,2,2,2,2,2,2
1,2,1,2,1,2,1
2,0,1,2,2,1,1
2,2,2,0,2,0,2
1,1,2,1,2,2,1
1,1,2,0,2,2,2
0,1,1,0,1,1,1
0,2,1,1,2,1,2
1,2,0,2,2,1,2
1,2,1,2,0,2,0
2,1,1,2,1,1,1
1,0,1,2,1,1,0
1,2,0,2,2,1,1
2,0,0,1,1,2,0
2,0,1,2,1,1,0
1,1,1,1,0,1,0
0,1,2,2,0,1,0
1,1,0,2,2,1,0
0,0,0,2,2,0,0
1,2,1,1,1,0,0
2,0,0,1,1,2,0
1,1,2,2,1,2,0
1,0,0,2,2,1,0
1,2,2,1,1,0,0
2,1,1,1,2,1,0
2,1,1,1,1,2,0
1,1,1,1,1,2,0
0,1,2,2,0,0,0
2,0,2,1,0,1,0
2,1,2,1,1,1,0
2,0,2,1,1,1,0
2,0,2,1,1,1,0
2,1,2,2,1,1,0
0,1,0,2,2,1,0
1,1,1,2,1,1,0
0,2,2,1,1,2,0
1,0,1,2,1,2,0
2,1,1,1,1,2,0
1,1,1,1,1,2,0
2,1,1,1,1,2,0
1,0,1,1,2,1,0
1,0,1,1,1,1,0
1,1,1,2,2,1,0
2,1,2,2,0,1,0
2,1,1,2,1,2,0
1,0,0,2,2,1,0
2,1,1,1,2,1,0
1,1,1,2,0,0,0
2,0,2,2,1,1,0
2,0,0,1,1,2,0
2,1,2,1,1,1,0
2,2,2,2,1,1,0
1,1,2,2,1,2,0
2,1,2,1,1,1,0
1,2,1,1,2,2,0
2,1,1,1,1,2,0
0,1,0,2,2,1,0
2,1,2,2,1,1,0
0,1,0,2,1,2,0
2,2,1,2,1,1,0
1,2,1,1,2,1,0
0,2,1,2,2,1,0
1,1,1,2,1,0,0
1,0,1,1,0,0,0
0,1,2,1,1,0,0
1,0,0,0,1,0,0
2,1,2,1,1,1,0
1,0,1,2,2,1,0
2,2,1,2,2,1,0
2,1,0,1,1,2,0
1,2,2,1,1,1,0
0,1,1,2,1,2,0
2,1,1,1,1,0,0
1,1,1,2,0,2,0
1,1,2,1,1,1,0
1,1,0,2,1,1,0
2,1,1,1,1,2,0
1,1,2,0,1,0,0
1,0,1,2,1,1,0
2,0,2,1,0,1,0
2,0,2,2,1,1,0
1,1,2,1,1,1,0
2,1,1,1,1,1,0
1,1,1,2,0,2,0
2,1,1,2,1,2,0
1,1,1,2,2,0,0
1,0,1,2,2,1,0
1,1,1,1,1,1,0
0,2,2,2,1,0,0
2,1,1,1,1,1,0
1,1,2,2,1,2,0
1,1,2,2,1,1,0
1,1,1,1,2,1,0
2,1,1,1,1,1,0
2,1,1,2,1,1,0
0,1,1,2,1,0,0
1,2,1,2,1,1,0
2,0,0,1,1,2,0
2,1,2,2,1,1,0
2,1,2,1,1,1,0
2,1,2,2,1,1,0
1,1,2,2,2,1,0
0,1,0,2,1,2,0
1,1,1,1,1,1,0
2,1,2,1,1,1,0
1,1,1,2,1,2,0
2,2,2,1,1,1,0
2,0,0,0,1,1,0
2,2,1,2,1,2,0
2,2,1,1,2,1,0
0,2,2,1,1,0,0
1,1,1,1,1,1,0
0,1,0,2,1,2,0
1,2,1,2,1,2,0
1,2,0,0,0,2,0
1,1,1,1,1,0,0
1,1,1,0,1,1,0
2,2,1,1,1,1,0
2,2,1,2,1,1,0
1,0,1,1,0,0,0
1,0,0,1,0,2,0
2,0,0,2,1,2,0
1,1,2,2,1,0,0
1,0,2,2,2,2,0
1,2,1,2,2,1,0
1,1,1,2,2,1,0
1,1,1,1,1,0,0
2,1,1,1,1,1,0
2,0,2,1,0,1,0
1,1,2,2,1,1,0
2,1,2,2,2,1,0
1,1,0,2,2,2,0
2,1,1,2,1,1,0
2,1,2,1,1,1,0
2,0,0,1,1,0,0
2,1,2,2,0,1,0
1,1,1,2,2,1,0
1,2,1,2,1,1,0
1,2,1,2,1,1,0
1,0,1,2,1,2,0
1,2,2,2,1,1,0
1,1,1,2,1,0,0
1,1,1,1,1,1,0
1,2,1,1,1,2,0
1,1,1,2,1,1,0
2,0,2,2,0,1,0
2,2,2,1,1,1,0
1,1,0,1,0,0,0
0,2,2,1,1,0,0
1,0,2,2,2,2,0
1,1,1,1,1,2,0
1,1,1,1,1,1,0
1,1,2,2,1,2,0
2,2,1,2,2,1,0
0,1,2,1,0,1,0
1,0,1,2,0,1,0
1,2,0,2,1,2,0
1,1,1,1,1,1,0
1,0,0,0,1,0,0
2,1,2,1,1,0,0
1,1,1,2,1,0,0
2,1,1,2,1,1,0
2,1,2,2,2,0,2
1,1,2,2,0,0,2
1,1,1,1,1,1,2
1,1,0,2,1,1,2
2,1,2,2,2,0,2
2,1,2,1,1,0,2
1,1,1,2,1,1,2
0,0,1,1,2,1,2
2,1,1,1,1,1,2
0,0,1,2,1,2,2
2,1,1,1,2,0,2
2,1,1,0,0,2,2
2,1,1,1,2,1,2
2,1,1,2,1,1,2
2,2,1,1,1,2,2
1,1,1,2,1,0,2
1,0,2,0,2,1,2
2,1,2,1,2,0,2
1,1,1,2,1,0,2
2,2,1,2,1,0,2
1,0,2,1,1,0,2
2,0,1,2,2,1,2
2,1,2,2,2,2,2
2,1,1,1,1,1,2
1,1,2,1,1,0,2
1,1,0,2,2,1,2
1,1,1,2,2,2,2
2,1,1,2,2,1,2
1,1,1,1,1,1,2
2,2,1,1,1,0,2
2,2,0,2,1,1,2
2,1,1,2,1,1,2
1,1,1,2,1,2,2
0,0,1,1,2,2,2
0,0,1,1,2,1,2
2,1,0,1,1,2,2
1,0,2,1,1,1,2
1,1,1,2,2,1,2
1,1,1,2,1,1,2
2,1,2,1,2,1,2
2,2,1,1,2,1,2
1,1,2,2,2,1,2
1,1,1,2,1,2,2
1,1,1,2,2,0,2
1,1,2,2,0,0,2
2,2,1,1,1,1,2
1,2,2,2,1,1,2
1,1,2,2,2,1,2
2,2,2,1,2,2,2
1,1,2,1,0,2,2
2,1,2,2,1,1,2
2,0,1,1,2,1,2
1,1,1,1,2,0,2
2,2,1,2,1,0,2
2,1,1,1,1,0,2
0,1,2,2,1,1,2
0,1,1,2,1,1,2
0,0,1,1,2,1,2
0,1,1,1,1,1,2
1,2,2,2,1,2,2
2,1,0,2,1,1,2
2,1,1,1,2,1,2
2,1,1,1,1,0,2
2,2,1,2,1,1,2
1,0,2,2,2,0,2
2,1,2,2,2,0,2
1,1,1,1,1,2,2
2,2,1,1,1,1,2
0,1,2,2,2,1,2
1,2,0,1,2,0,2
1,0,1,1,1,1,2
1,2,1,2,2,0,2
1,2,1,2,1,1,2
2,1,1,2,1,1,2
1,1,1,2,1,2,2
2,1,2,1,1,1,2
1,1,1,1,1,2,2
2,1,1,1,2,1,2
1,1,1,2,2,2,2
2,1,1,1,2,1,2
1,1,1,2,2,1,2
2,1,2,1,2,0,2
2,1,1,1,2,1,2
1,0,2,1,1,1,2
2,1,1,2,2,1,2
1,1,2,0,0,1,2
2,1,2,2,1,0,2
2,2,1,1,0,1,2
1,0,2,1,1,0,2
2,2,1,2,1,1,2
1,2,1,2,1,1,2
1,1,1,1,2,0,2
0,1,1,2,0,1,2
2,0,2,2,1,0,2
2,2,0,2,1,1,2
1,1,0,2,0,2,2
1,1,1,1,1,1,2
1,1,1,1,2,1,2
0,0,2,2,1,2,2
1,1,0,2,1,1,2
2,1,1,2,1,1,2
1,1,1,1,2,0,2
1,1,1,1,0,1,2
0,0,1,1,2,1,2
1,2,1,2,1,2,2
1,0,2,1,1,0,2
1,1,2,1,0,0,2
1,1,1,2,1,1,2
1,2,0,1,0,2,2
1,0,2,1,2,1,2
2,2,1,1,2,2,2
1,1,1,2,1,0,2
1,1,2,1,2,0,2
1,2,2,2,1,1,2
1,1,1,1,1,1,2
1,2,1,2,2,1,2
1,1,0,2,2,1,2
1,2,1,2,1,1,2
1,1,1,2,0,1,2
1,1,1,1,2,2,2
1,0,2,2,2,0,2
2,1,2,1,0,2,2
2,1,1,1,2,2,2
1,0,2,1,1,1,2
1,1,0,1,1,1,2
1,0,2,1,1,0,2
2,1,1,1,1,1,2
1,1,2,2,2,1,2
0,1,1,1,2,1,2
1,1,1,2,1,1,2
2,1,1,1,2,2,2
1,1,1,2,2,1,2
1,2,1,2,2,1,2
2,1,1,2,2,0,2
1,1,2,2,2,1,2
1,0,1,1,1,2,2
2,1,2,2,1,1,2
1,1,1,2,2,0,2
1,1,1,2,2,1,2
2,1,2,1,0,2,2
2,1,1,2,2,2,2
1,2,2,1,1,1,2
1,1,1,2,0,1,2
1,1,1,1,1,1,2
1,1,1,2,1,0,2
1,1,1,2,1,2,2
1,1,0,1,1,1,2
1,1,1,1,1,2,2
2,1,1,1,1,0,2
2,1,1,1,2,0,2
1,1,1,1,1,0,2
2,2,1,1,2,1,2
1,2,2,2,1,1,2
1,1,1,2,0,1,2
1,1,2,1,1,1,2
1,0,2,0,2,1,2
1,1,2,2,2,2,2
2,1,2,1,2,0,2
1,1,1,1,0,1,2
1,2,2,2,1,1,2
1,1,1,2,0,1,2
2,1,1,2,1,1,2
1,1,1,1,2,0,2
1,1,1,0,0,1,2
2,1,1,1,2,2,2
1,0,2,1,1,1,2
1,1,2,2,1,0,2
1,1,1,1,1,0,2
2,1,1,2,1,1,2
1,1,2,2,1,1,2
2,1,2,2,2,1,2
1,1,2,1,2,1,2
1,1,1,2,2,1,2
1,1,1,1,2,2,2
1,0,2,2,2,0,2
1,0,2,1,2,1,2
1,1,1,1,0,1,2
0,1,1,1,2,1,2
1,1,2,1,1,0,2
1,2,2,1,1,1,2
1,2,2,2,1,1,2
1,1,1,1,2,1,2
2,1,1,2,1,1,2
