rs4255357_G,rs2970989_T,rs1552244_A,rs17022021_T,rs9832461_A,rs17785248_A,rs4974424_A,rs1923775_T,rs1448284_T,rs10012882_T,rs13178362_T,rs29745_A,rs6882046_A,rs543844_A,rs9381563_T,rs2718058_A,rs11771145_G,rs7016182_C,rs956225_A,rs474951_T,rs7155434_A,rs10498633_G,rs2456930_G,rs8049439_T,rs450674_T,rs16973424_A,rs440277_G,rs8106922_A,rs5167_T,DX
0,2,2,2,2,2,2,2,2,2,2,2,2,1,2,2,2,2,1,0,2,2,1,2,1,2,2,2,1,0
1,1,2,2,1,2,1,2,1,2,2,2,1,1,0,0,2,1,2,2,2,1,1,1,1,2,2,1,2,1
1,1,2,0,2,0,2,2,2,2,1,2,1,1,0,2,1,2,1,1,2,1,2,0,2,2,1,1,2,0
1,2,2,1,2,2,2,1,2,2,2,1,2,2,1,2,1,1,1,1,1,0,1,0,2,2,1,1,2,1
1,2,1,2,2,0,2,2,2,2,2,2,1,0,1,0,2,0,1,2,1,0,1,1,0,2,2,2,1,0
1,2,2,2,2,1,2,1,2,2,2,2,2,1,1,1,1,2,2,1,2,2,0,1,2,2,1,1,2,0
2,1,2,2,2,0,2,1,2,2,1,2,0,0,2,2,0,2,1,2,1,2,2,2,1,2,1,2,2,0
0,2,1,1,1,1,2,2,1,2,2,2,2,1,1,2,2,2,2,2,1,2,1,1,2,2,1,1,0,0
2,1,2,2,2,1,2,1,2,2,2,2,2,1,1,0,2,1,1,1,1,2,2,2,0,2,1,0,1,0
0,2,2,2,2,0,1,1,1,2,2,1,2,1,2,0,1,2,2,2,2,2,1,1,1,2,2,1,2,0
2,2,2,2,1,1,1,1,2,2,2,2,0,1,2,1,2,1,2,2,2,2,0,1,2,2,1,1,1,0
1,2,2,2,2,2,2,1,2,2,2,2,1,0,1,2,0,2,2,2,2,2,0,2,2,1,2,2,2,0
1,1,2,2,1,2,2,1,2,2,2,2,2,2,1,2,1,2,2,2,1,2,2,1,0,2,2,2,1,0
0,2,2,2,1,2,1,1,2,2,2,2,1,1,2,0,2,2,2,2,2,2,2,0,1,2,2,2,0,1
2,2,1,2,2,1,2,1,2,2,2,2,0,2,1,1,1,2,2,1,2,2,1,2,2,2,0,1,1,0
1,2,1,1,1,0,2,2,2,2,2,2,2,2,1,2,2,1,2,1,1,2,2,0,0,2,2,1,1,0
0,2,2,2,2,1,2,2,2,2,1,2,1,0,0,1,1,1,2,2,1,2,1,1,1,2,1,2,2,1
1,2,1,1,1,2,1,0,2,2,2,2,1,0,2,2,1,2,2,1,1,1,1,1,2,2,2,2,1,0
0,2,2,2,1,2,2,1,2,2,1,1,2,1,1,0,1,1,1,2,1,1,1,2,2,2,2,2,1,0
2,2,1,2,0,2,2,0,2,2,1,2,2,1,0,0,2,1,2,2,2,2,0,2,0,2,1,2,1,0
1,2,2,2,2,2,2,2,2,2,1,2,2,0,2,1,0,2,2,1,2,2,1,1,1,2,2,2,2,0
2,2,2,2,1,1,0,1,2,2,2,2,2,2,2,1,2,0,1,1,2,2,1,0,1,2,1,2,1,0
0,2,2,2,2,1,1,2,2,2,2,2,0,2,1,0,1,2,1,2,0,1,0,0,2,2,2,2,2,1
2,2,2,2,1,1,2,2,2,2,2,2,1,1,1,2,2,2,2,2,1,1,1,1,2,2,0,1,1,0
1,2,1,2,2,2,2,1,2,2,2,1,1,1,2,0,0,2,2,2,2,1,0,2,0,2,1,2,1,0
2,2,2,1,2,1,1,2,2,2,2,2,2,0,0,1,2,0,1,2,1,2,1,1,1,2,1,2,0,0
1,2,2,2,2,1,1,2,2,2,2,2,2,2,1,1,1,2,2,1,1,2,1,2,1,2,1,1,1,1
2,2,1,2,2,1,2,0,2,2,2,2,1,1,2,1,2,1,1,1,2,2,2,1,1,2,1,1,2,0
0,1,2,2,1,0,2,1,2,2,1,2,2,2,1,1,1,2,1,1,1,1,2,2,2,2,0,2,1,1
0,1,2,2,1,1,2,0,2,2,2,2,0,2,1,1,1,2,2,2,2,2,2,2,2,2,2,1,1,0
1,2,1,1,2,2,1,2,2,1,2,2,1,2,1,2,2,2,2,2,2,1,0,2,1,2,2,2,1,0
2,1,2,1,1,1,2,0,2,2,2,2,1,1,2,1,2,1,2,2,2,1,1,2,1,2,1,1,1,0
1,2,2,1,2,2,2,1,2,2,2,2,1,2,1,1,2,1,0,2,2,1,0,0,1,2,1,2,2,0
2,1,2,2,1,0,2,1,2,2,2,2,0,1,1,1,2,0,2,2,0,2,1,2,1,2,1,1,2,0
2,1,2,2,1,2,2,1,2,2,1,2,0,2,2,1,2,2,2,2,1,2,2,2,0,2,1,1,2,0
1,2,2,1,2,1,2,2,2,2,2,2,2,0,2,1,2,1,2,2,2,0,2,2,2,2,1,0,1,0
1,2,1,2,2,2,1,2,2,2,2,2,2,2,2,2,2,2,0,2,0,2,1,2,1,2,2,2,1,0
1,1,1,2,0,1,2,2,2,2,2,1,2,2,1,0,0,2,1,2,2,1,2,1,1,2,2,2,1,0
0,2,2,1,1,1,2,2,2,2,2,2,2,2,2,2,0,1,2,2,2,2,0,2,1,2,1,1,1,1
2,2,1,2,2,2,2,1,2,2,2,2,1,0,2,1,0,2,2,2,1,2,0,2,2,2,2,2,2,0
1,1,2,0,1,2,2,1,2,2,2,2,2,1,2,2,1,2,2,2,1,2,1,0,2,2,2,1,2,0
0,2,1,2,1,1,2,1,2,2,2,2,0,1,1,2,2,2,0,2,2,1,1,1,2,2,2,2,2,0
0,1,0,2,2,2,2,2,2,2,2,2,1,2,1,1,2,2,0,2,1,1,2,2,1,2,1,1,1,0
1,1,2,2,1,1,2,2,2,2,2,2,1,1,2,0,1,2,2,2,0,1,1,1,2,2,0,1,1,0
2,1,1,1,1,2,2,0,2,1,1,2,0,2,0,0,0,0,2,2,2,2,0,0,1,2,2,2,0,0
1,2,1,2,2,1,2,2,2,2,2,2,1,2,2,2,1,2,2,2,0,1,1,0,1,2,2,0,1,0
1,1,0,1,2,1,2,1,2,2,1,2,2,0,1,2,1,1,1,1,1,2,1,1,1,2,0,2,2,0
1,2,2,2,2,2,1,2,2,2,2,2,1,1,1,1,0,2,1,2,2,2,2,1,1,2,1,2,1,0
1,2,2,2,2,2,2,2,2,1,2,2,1,1,0,2,1,2,0,0,2,2,1,2,1,2,0,1,1,0
2,2,2,2,0,2,2,2,2,2,2,2,1,1,1,1,1,2,1,2,2,2,2,2,2,2,2,2,2,0
2,2,2,2,2,1,1,2,2,2,1,2,1,1,2,2,2,2,2,0,2,2,2,1,2,2,1,2,2,0
1,2,1,2,2,1,1,2,2,2,2,2,1,2,1,2,1,2,1,1,1,2,2,0,1,2,2,0,1,1
0,2,2,1,2,2,1,2,2,2,1,2,2,2,1,1,1,2,1,2,2,1,0,2,1,2,1,1,1,0
1,2,2,2,2,2,1,2,1,1,1,2,2,2,2,1,1,1,2,2,1,1,1,2,2,2,1,2,1,1
2,2,2,2,1,1,2,2,2,2,2,2,1,2,0,1,1,1,2,1,1,2,1,2,1,2,1,0,1,0
2,2,2,1,1,1,2,2,2,2,2,2,2,1,2,1,2,2,2,2,1,2,2,2,1,2,1,1,2,0
2,2,2,2,2,2,1,1,2,2,0,2,2,2,0,2,1,1,1,1,2,2,2,1,1,2,1,2,2,0
2,2,2,2,2,1,2,2,2,2,2,2,2,2,2,2,1,2,2,2,1,2,1,0,0,2,1,2,1,0
1,1,2,1,2,1,1,1,2,2,1,2,0,2,2,1,2,2,2,1,2,2,1,2,2,2,1,1,1,0
2,2,2,2,1,0,1,2,2,2,2,2,1,1,2,1,2,2,2,2,1,1,2,2,2,2,2,1,0,0
1,2,2,1,2,2,2,1,2,1,2,2,2,0,1,1,1,0,2,2,0,2,2,1,2,2,2,1,2,0
2,2,1,2,1,2,1,2,2,2,1,2,2,1,1,1,1,2,2,1,2,2,1,1,2,2,0,0,0,0
2,2,2,2,1,2,2,1,1,2,1,2,0,2,2,2,1,2,2,2,2,2,0,0,2,2,2,0,1,0
2,2,1,2,2,0,0,1,2,2,2,2,2,1,0,1,1,0,1,2,1,2,1,1,1,2,1,1,0,1
1,0,1,2,2,1,2,2,2,2,1,2,1,1,1,0,0,1,2,1,1,1,0,2,1,2,1,2,2,0
1,2,2,1,2,2,2,1,2,2,2,2,2,0,1,0,2,2,2,2,0,1,1,1,1,2,1,2,1,0
2,1,2,2,2,2,2,1,2,2,1,2,2,0,1,2,1,2,2,2,2,2,1,2,0,2,1,0,1,0
0,2,1,2,2,2,2,2,2,2,1,2,2,1,2,1,2,2,1,1,2,1,0,2,2,2,2,2,1,0
2,1,1,2,2,2,2,0,2,2,2,2,2,0,0,2,2,1,2,2,2,2,2,1,1,2,1,2,2,1
0,2,2,2,2,1,2,1,2,2,2,2,2,0,1,0,0,2,2,0,2,1,1,1,1,2,1,2,2,0
2,2,2,2,1,2,2,1,2,1,2,2,2,1,1,1,1,2,1,2,2,1,0,1,1,2,1,2,2,1
1,2,1,2,2,2,1,2,2,2,2,2,2,1,1,1,2,1,1,2,0,2,0,2,2,2,1,2,2,0
2,2,2,2,1,2,2,1,2,2,1,2,1,0,1,0,1,0,2,2,2,2,2,1,2,2,2,1,1,0
1,1,2,2,2,2,2,2,2,2,1,2,2,2,0,1,2,2,2,1,2,1,2,1,1,2,0,2,1,1
1,1,2,2,2,1,2,2,2,2,2,2,0,2,1,1,0,2,2,2,2,2,2,0,2,2,1,1,2,0
2,1,2,2,2,2,2,2,2,1,2,2,2,0,1,1,2,2,2,2,2,2,1,0,1,2,1,1,0,1
2,2,2,1,2,2,1,2,2,2,2,2,1,1,1,1,1,1,1,1,2,1,1,1,2,2,1,1,0,0
1,2,1,2,2,1,0,0,2,1,2,2,2,0,2,0,2,2,2,1,1,2,2,2,0,2,1,2,0,0
1,2,1,2,0,2,2,0,2,2,2,2,2,0,1,1,1,1,2,1,2,1,1,2,1,2,1,2,1,1
1,1,1,2,2,0,2,1,2,2,1,2,2,1,2,1,1,2,2,2,1,1,1,1,0,2,1,2,1,0
1,1,2,2,2,1,2,0,2,2,2,1,1,2,2,2,2,0,1,1,1,2,1,1,2,2,1,1,1,0
0,2,2,2,0,2,2,2,2,2,1,2,2,2,1,2,1,2,2,2,1,1,1,1,2,2,2,2,1,0
1,2,2,1,2,2,2,1,2,2,2,2,2,1,2,2,1,2,1,1,2,1,0,2,1,2,1,1,2,0
0,2,2,1,2,2,1,2,2,2,1,2,2,2,2,1,1,1,2,2,0,2,1,1,2,2,1,2,1,1
0,2,2,2,1,1,2,2,2,2,2,2,1,2,2,1,2,2,2,2,1,1,1,2,2,2,1,1,1,0
2,2,1,2,1,2,2,1,2,2,2,2,0,1,2,2,2,2,1,2,1,1,0,1,2,2,1,2,0,0
2,2,1,2,2,1,1,1,2,2,2,1,2,1,1,2,1,2,2,1,1,2,0,0,2,2,2,1,0,0
1,1,1,2,2,2,2,1,2,2,2,2,2,1,0,2,1,1,2,1,1,1,2,2,1,2,1,1,2,1
2,2,2,1,1,2,2,1,2,2,1,2,1,2,1,1,2,2,1,1,1,2,2,1,0,2,1,1,2,0
1,2,2,2,2,2,1,2,2,2,2,2,2,0,1,2,2,1,2,2,2,2,1,2,2,2,2,2,1,1
1,2,2,2,1,1,2,1,2,2,2,1,1,1,1,0,1,2,2,2,1,2,1,1,2,2,2,1,2,0
2,2,1,2,1,0,2,2,2,2,1,2,2,2,2,1,2,1,2,2,2,1,1,1,0,2,2,1,1,0
1,1,2,2,2,2,1,1,2,2,2,2,1,1,1,0,2,0,2,1,2,2,2,1,1,2,2,1,2,0
1,2,0,2,2,2,1,0,2,1,1,2,1,0,0,0,1,1,2,1,2,2,2,1,0,2,2,2,1,0
2,1,1,2,1,2,2,1,2,2,2,1,1,0,1,0,2,2,2,2,1,0,2,1,0,2,1,2,1,1
1,2,2,2,2,2,2,1,2,2,1,1,1,1,1,1,2,2,2,2,2,1,2,0,2,2,2,2,1,0
2,2,2,2,2,2,2,1,2,2,2,2,2,2,1,2,1,2,2,2,2,2,2,1,0,2,2,1,1,0
0,2,2,2,1,2,0,2,2,2,2,2,2,1,2,0,1,2,2,2,0,2,2,1,1,2,1,1,1,0
1,2,1,2,2,2,2,1,2,2,1,2,1,1,1,2,1,1,1,2,1,2,2,1,0,2,0,1,2,0
1,2,1,2,2,1,1,1,2,2,2,2,2,2,1,2,1,1,1,2,2,1,2,1,1,2,2,2,0,0
0,1,0,2,1,0,2,1,2,2,1,2,2,1,0,2,2,1,2,1,2,2,1,1,2,2,1,2,0,1
2,2,2,2,2,2,2,1,2,2,2,2,1,2,1,1,2,2,1,2,1,2,0,1,1,2,2,0,2,0
2,2,1,2,1,2,2,0,2,2,1,2,2,2,1,1,0,1,2,1,1,2,1,1,1,2,1,1,1,0
1,2,2,1,2,2,2,1,2,1,1,2,0,1,0,1,1,2,2,1,1,2,1,2,1,2,1,1,1,0
0,2,2,2,2,1,1,2,2,2,2,2,2,2,1,1,1,2,2,2,0,2,2,0,1,2,1,2,1,0
1,2,1,2,2,1,1,2,2,2,2,2,2,1,2,1,2,1,2,2,2,2,1,1,1,2,2,2,0,1
1,2,2,2,0,2,1,2,2,2,1,1,2,1,1,2,2,1,1,2,2,2,2,2,2,2,1,2,1,1
2,1,2,2,1,2,2,2,2,2,2,2,2,2,1,1,1,1,2,2,1,2,2,2,2,2,1,0,2,0
1,1,2,2,2,2,2,2,2,2,1,2,1,2,1,0,1,1,2,2,1,2,1,1,1,2,2,2,1,0
1,1,2,2,2,2,1,2,2,2,2,2,2,1,2,0,2,2,2,2,1,2,2,1,0,2,2,1,2,0
2,1,2,2,2,2,1,2,2,2,2,2,1,2,0,1,0,2,2,1,2,2,1,0,1,2,1,0,1,0
1,2,1,1,2,2,1,2,2,1,2,2,1,1,1,0,1,0,2,2,2,2,1,1,2,2,2,2,1,0
1,2,2,2,2,1,2,1,2,2,1,2,2,2,0,1,0,1,1,2,1,2,1,2,1,2,0,0,2,1
0,2,2,1,1,1,0,0,2,2,2,2,1,1,1,1,1,2,2,1,2,2,0,2,1,2,2,1,1,0
0,2,1,1,1,2,2,1,2,2,2,2,1,2,0,1,1,2,2,2,2,1,1,0,1,2,2,2,1,0
1,0,2,1,2,2,2,1,2,2,0,2,2,1,1,0,1,2,2,2,1,2,2,2,0,2,2,2,1,0
0,2,2,2,1,1,2,1,2,2,2,1,2,2,2,1,1,2,2,2,1,2,1,2,0,2,2,1,2,0
1,2,2,2,1,2,1,0,2,2,1,2,2,1,1,1,2,2,1,2,2,2,0,1,2,2,1,2,1,0
1,1,2,1,2,2,1,0,2,2,2,2,2,1,0,2,2,2,2,2,1,2,1,2,2,2,2,1,1,0
1,2,2,2,1,2,2,2,1,2,1,2,1,1,1,2,1,0,2,0,2,2,1,2,2,2,2,1,2,0
0,2,2,2,1,2,2,2,2,2,2,2,2,1,1,1,1,1,2,1,1,2,0,2,0,2,0,1,1,0
2,2,2,2,2,1,1,2,2,2,2,2,1,2,0,2,2,1,2,1,1,2,1,1,0,2,2,2,2,0
0,2,2,2,2,2,2,2,2,2,1,2,1,2,1,0,2,2,2,2,2,2,1,2,1,2,1,1,1,0
0,2,2,2,2,2,2,2,2,2,2,2,1,1,1,2,0,1,2,2,1,1,1,1,2,2,1,1,1,0
1,2,2,2,2,2,1,1,2,2,2,2,2,2,2,2,1,2,1,2,2,2,2,2,1,2,2,1,1,0
1,2,1,2,1,2,2,1,1,2,0,1,2,1,2,2,1,2,2,1,2,2,1,0,2,2,1,0,1,0
2,1,2,1,1,2,2,2,2,2,2,2,0,2,1,0,2,2,2,2,1,2,1,1,1,2,2,1,2,1
1,2,2,2,1,2,2,1,2,2,2,2,1,1,1,1,1,2,2,1,2,1,2,1,2,2,1,1,1,0
1,2,2,2,2,1,2,0,2,2,2,2,1,1,2,0,1,0,2,2,2,2,2,1,1,2,2,2,1,0
0,1,2,2,1,2,1,1,2,2,2,2,1,1,2,0,1,2,2,0,2,2,2,2,2,2,1,1,1,0
2,2,2,1,1,2,2,1,2,2,2,2,0,2,1,1,2,2,2,2,2,1,1,0,2,2,0,2,1,0
0,1,2,2,2,1,2,1,2,2,1,2,1,1,2,1,2,2,2,2,1,2,1,0,2,2,2,2,1,0
1,2,2,2,2,2,1,0,2,2,2,2,2,1,1,2,2,2,2,2,1,2,1,2,0,2,2,2,2,1
2,1,2,1,1,2,2,2,2,2,1,2,2,2,0,2,1,2,2,0,2,2,2,1,1,2,1,1,0,1
1,2,1,2,2,2,2,2,2,2,2,1,1,2,1,2,1,0,1,2,1,2,1,1,2,2,0,2,2,1
1,2,2,1,1,2,1,2,2,2,1,2,2,1,1,1,1,2,2,1,2,1,1,2,1,2,2,1,2,0
1,1,2,2,2,2,2,2,2,2,2,2,1,1,1,1,2,2,2,2,2,1,2,1,2,2,1,1,0,1
1,2,2,1,1,0,2,1,2,2,2,2,1,1,1,1,1,2,2,1,2,2,2,2,0,2,2,2,1,0
2,1,2,2,0,1,1,2,2,1,1,2,2,1,1,1,2,0,2,2,2,2,2,2,2,2,1,0,1,0
2,1,1,2,2,2,2,0,2,1,2,2,1,0,0,1,1,1,2,2,2,1,0,1,2,2,2,2,0,0
1,1,2,2,1,2,2,1,2,2,1,2,2,1,0,1,2,2,2,2,2,1,2,2,1,2,1,1,2,0
1,2,2,1,1,2,2,2,2,2,2,2,2,2,1,1,2,1,2,2,2,2,0,1,1,2,2,2,1,0
0,2,1,2,1,1,2,1,2,2,2,2,2,1,1,2,2,1,2,1,2,1,1,2,2,2,0,1,1,0
0,2,2,2,2,2,1,1,2,2,1,1,2,1,1,1,2,2,2,1,2,1,1,2,1,2,1,1,0,0
1,1,2,2,2,1,1,2,2,2,1,2,1,0,1,1,2,1,0,1,2,2,2,1,2,2,2,1,1,1
1,0,2,2,2,2,2,2,2,2,2,2,2,1,1,1,2,1,0,1,2,1,2,1,1,2,1,1,0,0
0,1,1,2,2,2,2,2,2,2,2,2,2,1,1,1,2,2,2,2,2,1,1,1,2,2,1,0,2,1
0,2,2,2,2,1,0,1,2,2,2,2,1,2,2,1,2,2,2,2,2,2,2,1,2,2,2,2,2,1
0,2,1,2,1,2,2,1,2,2,2,2,1,1,2,2,1,0,2,0,2,2,2,1,0,2,0,2,2,0
0,2,1,2,2,1,2,0,2,2,2,2,2,1,2,2,0,1,2,2,1,2,2,1,0,2,1,1,1,1
0,2,2,2,1,2,2,2,2,2,1,2,2,1,1,1,2,1,2,1,1,2,1,0,1,2,1,1,1,0
0,2,2,1,1,2,2,1,2,1,1,2,1,1,2,2,0,2,2,2,1,2,0,0,2,2,2,1,1,0
0,1,1,2,2,2,2,2,1,2,2,2,2,1,1,2,1,1,2,2,1,2,2,1,0,2,1,2,1,0
0,2,1,1,1,2,2,2,2,2,1,2,1,2,1,1,2,2,2,1,2,1,1,1,2,2,2,2,1,0
1,2,2,1,1,1,1,1,2,2,2,2,2,2,1,2,2,2,2,2,1,2,1,0,2,2,2,2,1,0
2,1,2,2,1,2,2,2,2,2,1,2,1,0,1,2,2,1,2,1,1,2,1,2,1,2,2,1,2,1
1,2,1,1,0,2,1,1,2,2,0,2,2,1,2,2,0,2,2,1,1,1,1,1,1,2,1,2,2,0
1,1,1,2,2,0,0,2,2,2,2,2,1,2,2,2,1,2,2,2,0,2,1,2,1,2,2,2,1,0
2,2,2,2,2,2,2,2,2,2,1,2,1,2,2,2,1,2,2,2,2,2,1,0,2,2,2,2,1,0
0,1,2,2,2,2,2,1,2,2,2,2,1,1,1,2,1,2,2,1,2,2,1,1,1,2,1,0,2,1
1,2,2,2,1,1,2,2,2,2,2,2,1,2,2,2,2,1,2,1,1,0,1,1,0,2,2,2,1,0
2,2,1,0,1,2,2,1,2,2,2,2,1,1,1,2,0,1,2,0,2,2,0,0,2,2,2,2,1,1
2,2,2,1,2,1,2,1,2,2,2,2,1,2,1,0,0,1,2,2,1,2,1,0,2,2,1,0,1,0
1,2,2,2,2,1,1,2,2,2,2,2,2,1,1,0,1,2,1,1,2,2,2,1,1,2,2,1,1,0
2,1,2,2,2,1,2,1,2,2,1,2,0,0,2,2,1,1,1,2,1,2,2,1,0,2,1,2,1,0
0,2,2,2,1,0,2,1,2,2,2,1,2,2,1,2,0,2,1,2,1,2,1,1,2,2,2,2,1,0
1,2,1,2,2,2,2,2,2,1,2,2,2,1,1,2,2,2,1,2,0,1,2,2,2,2,2,0,1,0
1,2,2,1,1,2,2,2,2,2,1,2,1,1,2,2,1,2,1,2,1,2,0,1,2,1,2,2,1,0
0,1,1,1,1,2,1,1,2,2,2,2,1,0,1,1,1,2,1,2,2,2,2,1,2,2,0,1,2,0
0,2,2,2,1,2,1,0,2,2,2,2,1,2,2,2,1,2,2,1,1,1,2,1,0,2,1,2,1,0
1,2,1,0,2,2,1,1,1,2,2,2,1,1,2,2,1,0,2,1,1,2,2,0,1,2,2,1,2,0
2,2,2,2,2,1,2,1,2,2,2,2,2,2,2,1,2,2,1,1,2,2,2,1,2,2,1,0,1,0
2,2,2,2,0,2,2,1,2,2,2,2,2,1,1,2,1,1,2,2,1,2,2,2,1,2,0,1,1,1
1,2,1,1,2,1,1,1,2,2,1,2,1,1,1,1,2,2,2,2,1,2,2,2,1,2,2,2,2,0
1,2,1,2,1,0,1,1,2,2,2,2,2,2,0,1,1,2,2,1,2,2,1,2,2,2,2,1,2,0
1,2,2,2,2,2,1,2,2,2,2,2,1,2,2,0,1,2,1,1,2,1,1,1,1,2,1,1,2,0
0,1,0,2,2,1,2,1,2,1,2,2,2,1,1,2,2,2,2,2,1,2,1,1,2,2,2,1,1,0
1,2,1,1,2,2,1,2,2,2,1,2,2,2,1,1,1,2,2,2,2,1,2,2,1,2,0,1,2,0
1,2,2,2,0,1,2,2,2,2,2,2,2,1,1,1,2,1,2,2,1,2,1,2,2,2,1,1,2,0
1,2,1,2,1,2,2,1,2,2,1,2,1,1,2,1,2,2,2,2,0,2,1,2,1,2,2,1,1,0
1,2,2,2,2,1,2,2,2,2,1,2,2,1,1,1,2,2,2,1,2,2,1,1,1,2,2,1,2,0
0,1,2,2,1,2,1,0,2,2,2,2,2,2,2,1,1,2,1,2,1,0,1,2,1,2,2,2,2,0
0,2,2,2,2,2,2,1,2,2,2,2,2,2,2,1,2,2,2,2,1,2,2,2,1,2,1,1,1,0
0,2,2,2,2,2,2,1,2,2,2,2,2,2,2,2,1,2,2,2,2,2,1,2,2,2,2,2,1,1
0,1,2,2,1,1,2,1,2,2,1,1,1,1,2,1,1,1,2,1,1,2,1,1,2,2,2,0,2,0
1,2,2,1,1,2,2,1,2,2,2,2,2,1,2,0,1,1,2,1,0,2,1,1,1,2,1,2,1,0
0,2,2,2,1,2,2,2,2,1,2,2,2,2,0,1,1,2,2,1,2,1,1,1,1,2,1,1,2,1
0,2,2,1,2,1,2,2,2,2,2,2,1,0,1,2,2,2,2,2,0,2,2,2,1,2,2,1,1,0
1,2,2,1,1,1,2,2,2,2,1,2,2,1,2,2,1,2,2,1,2,2,1,2,2,2,1,2,2,0
1,1,1,2,0,2,2,0,2,2,2,2,2,1,1,2,1,1,2,2,2,2,2,1,2,2,2,2,1,0
2,2,2,2,2,2,2,2,2,2,1,2,2,1,1,0,2,1,2,2,2,2,2,0,2,2,0,1,1,0
1,2,2,2,2,1,2,0,2,2,2,2,1,0,2,1,1,1,2,2,2,0,2,0,0,2,1,1,1,0
0,2,1,2,2,1,1,2,2,2,2,2,2,1,2,2,2,1,2,2,1,2,1,0,1,2,1,1,1,1
1,1,2,1,2,2,2,1,2,2,0,2,1,1,1,1,1,1,2,1,1,2,0,2,2,2,0,1,2,1
1,1,2,2,1,2,0,2,2,2,2,2,2,2,1,2,2,1,2,2,1,2,2,1,0,2,2,2,2,0
1,2,2,0,2,1,2,2,2,2,1,2,1,1,1,2,1,1,2,1,2,2,1,1,2,2,1,1,2,0
0,2,2,2,1,2,2,1,2,2,2,2,1,1,1,1,1,2,2,2,0,2,0,1,1,2,1,2,2,0
1,1,1,2,1,1,2,2,2,2,2,2,2,1,1,1,1,1,2,0,1,2,2,1,1,2,2,1,1,0
1,2,2,2,2,2,2,2,2,2,2,2,1,2,2,0,1,1,2,0,2,1,1,0,2,2,2,0,0,0
1,1,1,1,1,1,2,2,2,2,1,2,1,2,2,2,1,2,1,2,2,2,2,1,2,2,1,1,2,0
0,2,2,2,2,1,2,2,2,2,1,2,2,2,1,2,2,1,2,2,1,2,2,1,2,2,2,2,1,0
2,2,2,2,1,2,2,2,2,2,2,2,1,1,2,1,1,2,2,2,1,2,0,1,1,2,2,2,2,1
1,1,2,1,2,2,2,0,2,2,0,2,1,1,2,0,2,1,2,2,2,2,2,0,2,2,2,0,1,0
0,2,2,1,2,2,1,1,1,2,1,2,2,2,1,1,1,2,2,1,2,1,1,0,2,2,0,0,2,1
1,2,2,2,1,1,2,1,2,2,1,2,1,2,0,0,1,2,2,2,2,1,2,1,2,2,2,1,2,0
0,1,1,2,1,2,2,1,2,2,2,2,1,2,1,1,0,2,1,0,1,2,1,0,1,2,2,2,1,0
1,1,2,0,1,2,2,0,2,2,2,2,2,1,0,1,1,1,2,2,1,2,0,1,2,2,2,1,2,0
2,2,2,2,2,2,2,2,2,2,2,2,1,2,2,2,2,2,2,2,1,2,2,1,0,2,2,1,1,1
1,1,2,1,2,2,2,1,2,2,1,2,2,0,0,2,0,2,2,2,0,2,1,0,0,2,2,2,1,0
1,1,2,2,2,2,0,2,2,2,2,2,1,2,1,2,0,1,1,2,1,2,2,0,1,2,2,2,2,0
2,2,1,1,2,2,1,1,2,2,2,2,1,2,1,1,1,2,2,1,2,2,2,2,0,2,2,2,2,0
1,2,0,2,2,2,2,1,2,2,1,2,1,1,0,1,0,2,2,2,2,2,1,1,0,2,0,2,1,0
2,2,0,2,2,2,2,0,2,2,2,2,2,0,1,1,1,1,2,2,2,1,1,2,1,2,2,2,2,0
1,2,0,1,1,2,2,1,2,2,1,2,1,2,2,0,0,2,2,1,2,2,2,2,1,2,1,0,1,0
0,2,2,2,2,2,1,2,2,2,1,2,1,1,0,2,1,2,2,1,2,2,1,0,2,2,2,2,1,0
0,1,2,1,1,1,2,2,2,2,1,2,2,2,1,1,0,2,1,1,1,2,2,1,1,2,2,2,2,0
2,1,2,2,2,2,1,2,2,2,1,2,2,1,0,2,1,1,2,2,1,1,2,1,1,2,2,1,1,0
1,1,2,1,2,2,2,2,1,2,1,2,1,1,2,2,1,1,2,1,2,2,1,2,1,2,2,2,1,1
1,2,2,1,1,1,1,2,2,2,1,2,1,1,1,1,2,2,2,0,1,2,2,1,1,2,2,1,1,1
2,2,0,2,1,2,0,0,2,1,2,2,2,0,0,0,1,1,2,2,2,1,0,1,1,2,2,1,2,0
0,2,0,2,2,1,1,2,2,1,2,2,1,2,2,2,2,2,1,2,1,1,1,1,1,2,1,1,2,1
1,2,2,2,1,2,2,2,2,1,1,2,1,0,1,0,1,1,2,1,2,2,1,1,2,2,1,1,0,0
0,2,1,2,2,2,2,1,2,2,2,2,1,1,2,0,1,1,2,1,2,2,0,2,2,2,1,2,1,0
1,2,2,2,2,1,2,1,2,1,1,2,1,1,0,1,2,1,2,2,1,2,1,2,1,2,1,1,2,0
0,2,2,2,2,2,1,2,2,2,2,2,2,2,1,2,1,0,2,1,1,2,1,1,1,2,2,2,0,1
1,2,2,1,2,2,2,2,2,2,2,1,2,2,1,2,2,2,1,2,1,2,2,1,2,2,2,2,1,0
1,2,1,2,2,1,2,2,2,2,2,1,2,2,2,1,2,2,2,1,2,2,2,1,2,2,2,2,1,1
2,1,2,0,2,2,2,0,2,2,2,2,1,2,1,1,2,2,2,1,1,2,2,2,1,2,1,2,1,0
1,0,2,2,2,1,1,2,2,2,1,2,2,0,0,1,0,2,2,1,2,1,1,2,0,2,1,1,1,0
1,0,1,1,2,2,2,2,2,2,1,2,2,1,1,1,2,1,1,2,1,1,0,1,2,2,2,2,0,0
2,2,1,1,2,2,1,2,2,2,2,2,0,1,0,2,2,2,2,1,2,1,1,2,1,2,2,1,2,0
0,2,2,1,2,2,2,1,2,2,0,1,2,0,0,2,0,2,0,1,2,2,1,1,2,2,0,2,1,0
1,2,2,1,1,2,2,1,2,2,2,2,1,0,2,2,2,1,2,2,2,1,1,0,2,2,2,2,1,0
1,2,2,2,1,2,2,1,2,2,2,2,1,2,2,2,1,1,2,2,2,2,2,2,1,2,2,2,2,1
2,1,2,2,2,2,2,1,2,2,0,2,2,1,1,1,1,2,2,1,2,2,1,0,2,2,1,1,2,0
1,2,2,1,2,0,0,1,2,2,1,2,1,1,1,2,1,1,2,2,2,2,1,2,2,2,1,2,2,0
0,2,2,2,1,1,1,2,2,2,2,2,2,2,1,1,1,1,2,2,2,1,1,2,0,2,1,2,2,0
2,2,2,2,2,2,2,1,2,2,2,2,0,2,2,1,0,1,2,2,1,2,1,2,2,2,0,2,0,0
0,1,2,2,2,1,1,0,1,2,1,1,0,2,1,0,2,2,2,2,2,1,0,2,1,2,2,2,1,1
1,2,2,2,1,2,1,2,2,2,2,2,1,2,1,2,1,2,2,1,2,2,2,1,2,2,1,2,1,0
2,1,2,2,2,1,2,1,2,2,2,2,2,2,2,1,2,2,2,2,2,2,1,2,1,2,1,1,2,1
1,2,2,2,2,0,2,1,2,2,2,2,2,2,1,1,1,2,2,2,2,2,2,0,1,2,1,1,1,1
2,2,2,2,2,2,2,2,2,1,1,2,2,1,1,2,1,2,2,2,2,1,2,0,0,2,1,2,0,0
0,1,2,2,1,2,2,2,2,1,1,2,2,2,2,1,1,1,2,1,2,1,0,0,2,2,2,2,2,0
1,2,2,2,2,2,2,1,2,2,2,2,2,1,2,2,2,2,2,1,2,1,2,1,1,2,1,1,2,0
1,2,2,1,1,2,1,2,2,2,2,2,2,1,2,2,1,2,2,2,2,1,0,1,1,2,2,1,1,0
1,2,2,2,2,2,2,2,2,2,2,2,0,1,1,2,1,0,2,2,2,2,1,1,1,2,2,1,1,0
1,2,2,1,2,2,2,1,2,2,1,0,1,0,2,2,1,1,2,2,2,0,0,2,2,2,0,0,2,0
1,2,2,1,2,1,1,1,2,2,2,2,1,2,2,1,2,2,1,2,1,1,1,2,1,2,1,2,0,0
1,2,2,2,2,2,2,1,2,2,2,2,2,2,1,0,1,2,2,1,1,2,1,1,2,2,2,2,2,0
2,0,2,2,2,1,2,2,2,2,1,2,2,2,2,0,1,1,2,1,2,2,2,2,2,2,1,1,1,0
0,2,1,1,2,2,2,1,2,2,2,2,1,1,2,1,2,2,2,2,1,2,2,1,2,2,0,0,2,0
2,2,2,2,2,2,2,2,2,2,2,2,2,2,0,2,2,2,2,2,1,2,2,1,1,2,1,1,1,0
1,2,2,2,2,2,2,2,1,2,2,2,1,1,2,1,2,2,1,2,1,2,1,2,1,2,1,2,2,0
1,2,2,2,2,1,2,2,2,2,2,2,1,1,1,1,2,2,2,0,2,1,2,2,1,2,0,1,2,1
0,2,1,1,2,2,1,2,2,2,2,2,2,2,2,1,1,2,2,0,1,2,1,1,2,2,2,1,1,0
2,2,2,1,2,2,1,2,2,2,2,2,1,1,2,1,1,2,2,2,2,1,2,0,2,2,2,1,1,0
2,2,2,0,1,1,2,2,2,2,2,2,2,1,1,1,1,2,2,2,1,2,1,1,0,2,1,1,0,0
0,2,2,2,2,2,2,2,2,2,2,2,0,1,1,2,1,2,2,1,0,2,1,2,1,2,1,1,2,0
1,2,2,2,1,1,1,2,2,2,2,2,1,1,1,1,0,2,1,1,2,1,2,0,1,2,1,0,2,0
2,2,2,2,0,2,1,2,2,2,2,1,2,1,2,1,0,2,1,2,1,2,0,2,1,2,1,1,1,1
0,1,2,1,1,2,2,2,2,2,2,2,2,2,2,2,1,2,2,1,2,1,1,2,2,2,2,2,1,0
1,1,2,2,2,2,2,2,2,2,1,2,1,1,2,2,2,2,2,2,0,2,1,1,2,2,0,1,1,0
1,2,2,2,1,2,2,2,2,2,2,2,1,2,1,0,1,2,1,2,1,1,2,1,0,2,0,1,0,0
1,2,2,2,2,1,2,2,2,2,2,2,1,1,2,2,2,2,2,1,2,2,1,1,2,2,1,0,2,0
2,2,2,2,2,1,2,2,2,2,2,2,1,0,2,1,2,2,2,2,1,2,1,0,1,2,1,2,2,0
1,2,0,2,1,2,2,2,2,1,1,2,2,1,1,1,1,2,2,1,1,2,0,1,2,2,2,1,2,0
2,2,2,1,2,2,2,2,2,2,2,2,2,1,1,2,2,2,2,1,2,2,2,1,1,2,2,2,1,0
2,1,2,2,1,0,2,2,2,2,2,2,0,1,1,1,2,2,1,0,2,2,1,1,1,2,2,1,0,0
0,2,2,2,1,1,2,2,1,2,2,2,2,2,1,2,2,2,2,1,1,1,1,1,1,2,2,1,0,1
1,2,2,2,1,1,2,2,2,2,2,2,1,1,1,1,2,2,2,1,2,1,1,2,1,2,1,1,0,0
1,2,2,2,2,0,2,1,2,2,2,2,2,2,2,1,1,2,2,2,2,2,2,1,1,2,2,2,2,0
0,1,2,1,2,2,2,2,2,2,1,2,2,2,1,0,1,1,2,1,2,2,1,1,2,2,2,2,0,0
2,2,1,2,2,1,2,1,2,2,1,2,0,2,1,0,1,2,2,1,1,2,1,2,0,2,2,2,1,0
2,2,2,2,2,0,2,2,2,2,2,2,2,1,0,2,2,2,2,2,1,1,2,1,2,2,2,2,2,1
1,0,2,1,2,1,2,1,2,2,2,2,1,1,1,2,1,2,2,1,0,2,2,1,2,2,2,2,0,1
1,1,2,1,0,2,1,1,2,2,2,2,2,1,2,1,1,2,2,2,2,2,1,0,2,2,2,2,2,0
2,2,2,2,2,2,2,1,2,2,2,2,1,2,0,2,2,1,2,2,1,2,1,2,1,2,1,2,1,0
1,2,1,1,2,2,2,2,2,2,2,2,0,2,2,1,2,1,2,0,1,1,1,2,1,2,1,0,1,0
2,2,2,2,2,2,2,2,2,2,1,2,1,1,1,1,0,2,2,2,2,2,1,2,2,2,2,1,1,0
1,1,2,2,2,1,2,2,2,2,2,2,2,2,2,1,0,1,2,2,2,2,1,2,1,2,2,1,0,0
2,1,1,2,1,1,2,1,2,2,2,2,0,2,1,1,1,2,2,1,2,2,2,2,0,2,1,0,2,0
0,2,2,1,2,1,2,2,2,2,2,2,1,2,2,2,2,0,2,1,2,2,1,0,2,2,2,1,0,0
1,2,2,2,2,2,2,1,2,2,2,2,1,1,1,1,1,2,2,2,2,1,1,1,0,2,1,1,1,1
0,1,2,2,2,2,1,1,2,2,2,2,2,1,2,0,2,2,2,2,2,1,1,1,1,2,2,1,1,1
1,2,2,2,2,2,2,0,2,2,1,2,2,2,0,0,0,1,1,1,0,2,0,1,2,2,0,0,1,0
1,2,1,2,2,2,2,1,2,2,2,2,2,1,2,2,1,2,2,2,1,1,0,1,2,2,2,1,1,1
2,2,1,2,1,1,1,2,2,2,2,2,2,1,1,1,1,1,1,1,1,1,1,0,1,2,1,2,1,0
0,1,1,2,2,2,2,1,2,2,2,2,0,1,1,1,2,2,2,2,1,2,1,1,0,2,1,1,2,0
1,2,1,2,2,1,2,1,2,2,2,2,1,2,1,1,0,2,0,2,2,2,1,1,1,2,1,1,1,0
1,2,2,2,2,2,2,2,2,2,2,2,2,0,2,2,2,2,1,2,1,2,2,2,2,2,1,1,1,0
0,1,2,2,2,2,1,2,2,2,2,2,1,2,2,1,1,1,2,2,1,1,1,2,2,2,1,0,0,0
2,2,1,2,0,2,1,2,2,2,2,2,2,0,2,2,2,1,1,2,2,2,2,2,2,2,1,2,1,0
2,2,0,1,2,2,2,2,2,2,2,2,2,1,1,0,2,2,1,1,2,2,1,1,1,2,2,2,1,1
2,1,2,2,1,2,0,1,2,2,2,2,1,0,2,2,2,2,1,1,2,2,1,2,2,2,2,0,1,0
2,2,0,2,2,1,1,2,2,2,1,2,1,1,2,1,2,2,2,2,1,2,1,2,2,2,2,1,2,1
0,2,1,2,1,1,2,1,2,2,2,2,2,2,1,2,2,2,1,2,2,2,2,2,2,2,2,1,1,1
1,2,2,2,2,1,2,2,2,2,2,2,2,1,0,2,1,2,2,2,1,1,1,1,2,2,0,0,2,0
0,1,0,2,2,1,1,1,2,2,2,1,1,2,1,2,2,2,2,1,2,1,2,0,2,2,0,1,1,0
0,1,2,2,2,2,2,2,2,2,2,2,1,2,0,1,1,1,1,1,1,2,2,1,2,2,2,2,1,1
1,2,2,1,2,1,2,1,2,2,1,2,2,2,2,2,1,1,2,1,1,0,2,2,2,2,0,0,0,0
2,1,2,2,2,1,2,1,2,2,2,2,2,1,1,2,2,1,1,0,1,2,2,1,1,2,1,1,1,0
2,2,2,2,2,1,2,1,2,2,2,2,2,2,2,0,2,2,2,2,1,2,1,1,1,2,0,1,0,0
1,2,2,2,2,2,1,2,2,2,2,2,2,2,0,0,2,2,2,2,2,2,2,0,2,2,1,0,1,0
1,1,2,1,1,1,2,1,2,2,1,2,0,1,2,2,2,2,2,1,0,2,2,2,2,2,1,2,1,0
0,2,2,1,2,2,1,2,2,2,2,1,2,1,2,2,0,2,2,2,2,2,2,2,1,2,0,2,1,0
1,2,2,1,2,2,1,1,2,2,2,2,1,1,1,1,2,2,2,2,1,2,1,1,1,2,2,2,1,1
1,1,2,2,2,2,1,2,2,2,2,2,2,1,1,1,1,2,2,1,2,1,1,1,2,2,0,2,2,1
1,2,2,2,1,2,2,1,2,2,2,2,1,0,1,1,1,2,2,1,1,1,1,2,2,2,1,2,2,0
2,1,2,2,1,1,1,2,2,2,1,2,2,1,1,1,2,1,1,2,2,1,2,1,2,2,1,1,1,0
0,1,1,2,1,1,2,2,2,2,2,2,0,1,1,1,1,2,2,1,2,2,1,2,2,2,1,1,0,0
0,1,2,1,2,2,2,2,2,2,1,2,2,1,0,1,1,1,1,2,2,2,2,2,1,2,2,1,1,0
1,2,2,2,2,1,2,1,2,2,1,2,2,1,1,1,2,2,1,1,2,1,1,2,0,2,1,2,2,0
1,2,2,2,1,2,1,2,1,2,1,2,1,1,1,2,1,2,2,2,1,2,2,2,1,2,1,0,0,0
1,2,1,2,2,2,2,1,2,2,1,2,2,1,1,2,1,2,1,1,2,2,2,2,2,2,2,1,0,0
2,1,1,2,2,2,2,2,2,2,1,2,1,2,2,1,1,2,2,2,0,1,1,0,2,2,1,1,0,0
1,2,2,2,2,0,2,2,2,2,2,2,1,2,0,0,2,2,1,2,1,1,1,2,2,2,1,2,2,1
1,1,0,2,1,2,2,2,2,2,2,2,2,2,2,1,1,1,1,2,1,2,2,1,1,2,2,2,1,0
1,2,2,2,1,2,2,2,2,2,1,2,1,2,1,2,1,2,1,2,1,1,0,2,2,2,1,2,1,0
1,2,2,2,2,2,2,2,2,2,1,2,1,1,1,2,1,1,1,1,2,2,2,0,1,2,2,2,1,0
2,2,2,0,2,2,2,2,2,2,2,2,2,1,2,2,1,0,2,2,2,2,0,0,1,2,2,2,1,0
0,2,2,1,2,2,1,2,2,2,2,2,1,1,1,1,1,2,2,2,2,2,2,1,2,2,2,1,2,0
1,2,1,2,1,2,1,1,2,2,2,2,1,1,2,1,2,2,2,0,0,2,1,2,2,2,2,2,1,0
1,2,2,2,1,2,2,1,2,2,2,2,2,1,1,1,2,2,2,1,2,1,1,2,1,2,2,1,1,0
1,2,1,2,1,2,2,2,2,2,2,2,1,0,0,1,2,2,2,1,1,2,1,0,2,2,1,2,1,0
0,2,1,2,2,2,1,2,2,2,2,1,2,0,0,2,1,1,2,1,2,1,2,2,1,2,1,1,1,0
1,1,1,2,1,2,2,2,1,2,2,1,2,0,1,2,2,2,1,2,1,1,1,2,0,2,1,1,1,1
1,2,2,2,2,2,1,1,2,2,2,2,2,2,1,2,1,2,2,2,2,2,1,2,2,2,0,1,1,0
1,0,2,2,2,2,2,2,2,2,2,2,1,1,1,2,1,2,1,1,1,2,0,2,2,2,2,2,1,0
2,2,2,1,2,2,2,1,2,2,2,1,2,0,2,2,1,2,1,2,1,2,0,1,2,2,2,1,1,1
1,2,2,2,2,2,2,0,2,2,1,1,1,1,2,1,2,2,2,2,2,2,2,1,1,2,2,2,1,1
2,2,2,2,2,2,1,1,2,2,1,2,1,0,1,1,2,2,2,2,2,1,2,2,1,2,1,1,1,0
1,2,1,2,1,1,2,1,2,2,1,2,1,2,1,0,2,2,2,2,2,2,1,2,2,2,2,2,1,1
1,0,2,2,1,1,1,2,2,2,2,2,1,2,2,1,1,2,2,2,2,2,1,1,1,2,2,1,1,1
1,1,2,2,2,1,2,1,2,2,2,1,1,1,1,0,0,2,2,2,2,2,1,2,1,2,1,0,0,0
0,2,0,2,2,1,2,0,2,2,2,2,1,2,0,2,1,2,1,2,2,2,1,2,1,2,2,2,2,1
1,2,1,1,2,2,2,2,2,2,1,2,1,2,2,2,0,2,2,1,1,2,2,2,0,2,2,1,2,0
2,2,2,2,0,1,2,2,2,2,2,2,1,1,1,2,1,2,2,1,1,1,1,1,1,2,0,1,0,0
1,2,0,2,2,2,2,1,2,2,1,2,1,0,0,1,0,1,2,2,2,2,0,1,1,2,0,2,1,0
2,2,2,1,1,2,2,2,2,2,1,2,1,1,2,2,1,1,2,1,2,2,2,2,1,2,2,2,0,1
2,2,1,2,1,2,2,0,2,1,1,1,0,0,1,1,1,0,2,2,2,2,1,2,1,2,1,2,1,0
0,1,2,2,1,1,1,2,2,2,1,2,1,2,1,2,0,2,2,1,2,1,2,1,1,2,2,2,1,0
1,2,1,2,2,2,2,0,2,2,2,2,2,1,0,1,1,2,1,1,2,2,1,2,1,2,2,2,1,1
0,2,2,2,2,2,2,0,2,2,2,2,2,1,2,1,2,1,2,0,1,2,1,2,1,2,1,2,1,1
1,0,2,1,1,1,2,1,2,2,2,2,2,2,2,1,1,1,1,1,2,2,2,2,2,2,2,2,0,0
0,1,2,2,2,1,2,2,2,2,2,2,2,1,1,1,2,1,1,1,1,2,1,1,2,2,1,2,0,0
1,2,1,2,2,2,2,2,2,2,2,2,2,1,1,0,2,2,2,1,0,2,2,2,2,2,0,1,1,0
2,2,2,2,1,1,1,2,1,2,1,2,2,2,1,2,0,2,2,2,1,2,2,1,1,2,2,1,1,0
2,1,2,2,2,2,2,0,2,2,2,2,1,0,2,0,1,2,1,2,2,2,0,1,2,2,2,2,2,0
2,1,2,1,1,1,2,2,2,2,2,2,2,2,2,2,2,2,1,2,2,2,2,0,2,2,1,2,2,0
1,1,2,2,2,1,2,1,2,2,2,2,2,2,1,1,1,2,2,1,1,1,2,1,1,2,1,1,1,0
1,2,1,1,2,2,2,2,2,2,2,2,1,2,1,2,2,0,2,2,1,1,1,2,1,2,1,2,0,0
1,2,1,1,1,2,1,0,2,2,2,2,2,0,0,1,1,2,2,1,2,2,2,1,2,2,2,2,1,1
2,2,2,1,1,2,2,0,2,2,1,2,1,2,2,2,1,1,1,2,1,2,2,1,1,2,2,2,1,0
1,1,2,2,2,2,1,1,2,2,1,2,1,0,1,0,2,2,2,1,2,1,0,2,2,2,1,2,2,0
0,2,2,2,2,1,1,1,2,2,1,2,1,2,0,1,2,0,2,1,2,2,1,1,2,2,1,2,1,1
1,2,2,1,1,2,2,2,2,2,2,2,1,1,0,0,2,2,1,1,2,1,1,2,1,2,0,1,1,0
2,2,1,1,2,2,2,1,2,2,0,2,2,1,2,0,1,2,2,1,2,2,1,1,2,2,1,2,2,0
2,1,1,2,1,1,1,1,2,2,2,2,2,0,2,1,1,2,2,1,1,2,1,1,1,2,2,1,1,0
1,2,2,2,1,1,2,2,2,2,2,2,2,2,0,1,2,2,2,1,2,1,0,1,0,2,2,2,2,0
2,2,2,2,0,2,2,2,2,2,2,2,2,1,2,1,2,1,0,2,2,2,1,2,0,2,2,2,1,1
1,2,2,2,1,2,1,2,2,2,2,2,1,0,1,1,1,2,2,2,0,1,1,2,1,2,2,2,1,0
1,1,2,2,2,2,2,2,1,2,2,2,1,1,0,2,1,1,2,2,1,1,2,1,2,2,1,1,1,0
1,2,2,2,1,2,1,0,2,2,1,2,1,2,2,1,1,2,1,2,1,2,2,2,2,2,1,2,1,0
1,1,2,2,1,1,2,1,2,2,1,2,1,0,2,1,2,2,2,1,2,2,2,1,2,2,2,2,1,0
2,1,2,2,2,2,1,1,2,2,1,2,1,2,1,1,2,2,2,2,1,2,2,1,2,2,2,2,0,1
1,1,2,2,2,2,2,1,2,2,2,2,1,1,2,1,0,2,2,2,1,1,1,1,1,2,1,2,0,0
2,2,2,1,1,1,2,2,2,2,2,2,0,1,1,2,2,2,2,1,2,2,0,2,2,2,2,1,0,0
0,2,1,2,1,1,2,1,2,2,2,2,1,0,1,1,1,2,2,1,1,2,2,1,1,2,1,1,1,0
2,2,1,2,0,2,2,1,2,2,2,1,1,1,2,1,2,2,1,2,1,2,2,2,1,2,2,1,1,0
1,2,2,2,2,2,1,1,2,2,2,2,2,1,1,2,1,2,2,2,2,1,2,2,2,2,2,2,2,1
0,2,2,2,2,1,2,1,2,2,1,2,2,2,1,1,1,1,2,1,1,2,1,1,0,2,2,1,1,0
0,2,2,1,0,1,2,1,2,2,2,2,2,1,1,2,2,1,2,2,1,2,0,1,2,2,2,0,2,0
2,2,2,2,2,2,1,1,2,2,2,1,2,2,1,1,1,0,1,2,1,2,1,2,2,2,0,1,2,0
0,2,2,2,2,1,2,0,2,2,1,2,1,1,2,1,0,2,1,2,2,2,1,1,1,2,2,2,2,1
2,2,1,1,2,1,2,1,2,2,1,2,2,1,1,2,2,2,2,1,2,2,2,1,1,2,2,1,1,1
0,2,0,1,2,2,0,2,1,1,2,2,2,1,1,1,1,1,2,2,1,1,1,1,2,2,2,1,0,0
2,1,2,2,2,2,2,1,2,2,2,1,2,1,1,2,1,2,2,1,2,2,0,1,2,2,2,1,1,0
1,2,1,2,2,0,1,1,2,2,2,2,1,2,2,0,2,2,2,2,2,2,2,1,1,2,1,2,2,0
1,2,1,1,0,2,2,1,2,2,1,2,1,1,2,2,1,2,2,2,2,2,2,2,2,2,0,1,0,0
0,2,2,2,2,2,1,1,2,2,0,2,1,1,1,2,2,1,1,1,1,2,0,1,2,2,2,1,1,0
1,1,1,2,1,1,2,1,1,2,2,2,2,1,1,1,2,2,2,1,0,1,1,1,1,2,2,1,2,0
2,2,2,1,0,1,2,0,2,2,2,2,2,1,2,2,1,2,1,0,2,1,1,2,0,2,2,1,1,1
0,2,2,2,2,2,2,2,2,2,2,2,2,2,1,1,2,2,2,2,2,1,0,1,1,2,1,1,0,0
1,0,1,2,2,2,1,2,2,2,2,2,1,0,1,1,1,1,2,2,1,2,1,0,0,2,0,1,2,1
1,2,2,1,2,1,1,1,2,2,2,2,1,0,1,1,0,2,2,1,2,1,1,1,1,2,1,0,1,1
0,2,2,2,2,2,2,0,2,2,2,2,1,2,1,0,1,2,2,1,1,1,0,2,1,2,1,0,2,0
2,1,2,2,1,2,2,1,2,2,2,2,1,1,2,2,1,1,2,2,2,2,2,1,2,2,2,2,2,0
0,2,1,1,2,1,2,1,2,2,2,2,2,2,2,2,1,2,2,1,1,2,2,1,1,2,2,2,0,0
0,2,2,1,2,2,2,2,2,2,1,2,2,2,2,2,2,2,1,0,2,1,1,1,0,2,2,0,2,0
2,2,0,2,1,2,2,1,2,1,2,2,1,0,0,1,2,1,2,1,2,1,2,2,2,2,2,2,1,0
0,2,1,1,2,2,2,2,2,2,2,2,2,1,1,2,1,2,2,1,1,2,1,1,2,2,2,1,2,0
0,2,2,2,0,2,2,0,2,2,1,2,1,1,2,0,2,2,1,2,2,2,1,0,2,2,0,0,0,1
2,2,1,2,1,2,0,2,2,2,2,1,1,2,0,1,1,2,1,2,2,1,1,1,0,2,2,2,1,0
0,0,0,1,1,1,2,1,2,2,2,2,0,2,1,1,1,2,2,2,2,2,2,1,1,2,2,2,1,0
1,2,2,2,0,2,2,2,2,2,2,2,2,1,2,2,2,2,2,2,2,2,1,2,1,2,1,1,2,0
0,2,1,1,2,1,1,1,2,2,1,2,1,2,1,2,1,2,2,1,2,2,1,1,2,2,1,2,1,1
0,2,1,2,1,2,1,2,2,2,1,2,1,1,1,0,2,2,2,2,1,2,1,0,2,2,1,2,1,0
1,2,2,2,2,1,2,2,2,2,1,2,2,1,1,0,1,1,1,2,2,1,1,2,1,2,2,2,2,0
1,1,2,2,1,2,2,0,2,2,1,2,1,1,1,2,1,2,2,2,1,2,1,1,0,2,0,0,0,0
0,1,2,2,2,1,2,2,2,2,2,2,2,2,0,2,1,1,2,1,1,2,1,0,1,2,1,1,2,0
2,2,2,1,1,2,0,2,2,2,2,2,2,1,2,1,2,1,1,1,1,2,1,1,1,2,1,1,1,0
2,1,2,2,2,2,2,2,2,2,2,2,2,2,0,2,0,2,1,0,1,2,1,1,2,2,2,1,2,1
1,1,2,2,2,2,2,0,2,2,1,1,2,1,2,1,1,2,2,2,1,2,1,1,2,2,1,1,2,0
1,2,2,2,2,1,0,1,2,2,2,2,0,2,2,2,2,1,2,2,2,2,1,1,2,2,2,1,0,0
1,2,1,2,2,1,2,2,2,2,2,2,2,1,1,1,2,2,2,2,2,2,1,0,2,2,1,2,1,1
0,1,2,2,2,2,2,2,2,1,1,2,1,2,2,2,1,2,2,1,0,1,1,1,2,2,2,2,1,0
1,2,2,2,2,1,2,1,1,2,1,2,2,2,1,1,1,2,2,1,1,2,2,1,1,2,2,1,1,1
1,1,1,2,2,2,0,2,2,2,2,2,0,2,1,2,2,2,2,2,2,1,1,2,1,2,2,1,0,0
1,2,2,2,2,2,2,0,2,2,1,2,1,2,1,2,2,1,1,1,2,1,2,1,2,2,1,2,1,0
0,2,2,0,1,1,2,1,2,2,2,2,2,0,0,2,0,1,1,2,1,2,2,1,2,2,1,2,1,0
1,2,2,1,1,2,1,1,2,2,2,2,2,1,2,1,2,2,2,2,2,2,1,2,1,2,1,1,2,0
1,2,1,2,1,1,2,1,2,2,2,2,2,1,0,1,2,2,2,1,1,2,1,2,1,2,2,2,1,0
0,2,1,1,1,1,1,2,2,2,2,2,1,0,0,1,1,2,2,0,1,2,2,1,2,2,1,0,0,0
2,2,1,0,1,2,2,2,2,2,2,1,1,1,0,1,1,2,1,2,2,2,1,2,2,2,2,2,2,0
2,2,2,2,2,2,2,2,2,2,1,2,2,1,1,1,2,1,2,2,2,1,1,1,2,2,1,2,0,1
2,2,2,2,2,2,2,2,2,2,2,2,2,2,2,1,0,0,2,2,2,2,1,1,2,2,2,2,1,1
1,1,1,2,2,1,2,1,2,2,2,1,2,0,1,1,0,2,2,0,2,2,1,2,1,2,2,2,1,0
2,2,2,1,2,2,2,2,2,2,2,2,1,2,1,1,1,1,1,2,2,2,2,2,1,2,1,1,1,1
1,1,2,2,2,2,1,2,2,2,2,2,1,2,2,1,1,1,2,1,2,1,1,2,2,2,1,1,2,0
0,2,2,2,2,1,2,2,2,2,1,2,2,0,1,2,1,1,2,2,1,2,2,0,1,2,1,1,2,1
1,2,1,1,1,2,2,1,2,2,2,2,2,0,0,2,1,2,2,2,2,2,2,2,1,2,2,2,1,0
1,2,2,1,2,2,2,1,2,2,1,2,1,2,2,1,0,2,2,2,2,2,1,0,1,2,1,1,0,0
2,2,2,1,1,2,1,0,2,1,1,1,1,0,1,2,0,1,2,2,2,2,1,2,2,2,1,2,2,0
1,0,2,2,1,0,1,2,2,2,2,2,2,2,2,1,2,2,2,1,1,1,2,2,1,2,1,2,0,1
2,1,2,2,2,2,2,0,2,2,1,2,2,1,0,2,1,0,2,2,0,1,2,0,2,2,2,2,1,0
0,2,2,1,2,1,1,2,2,2,1,2,2,1,1,1,2,2,2,2,1,2,2,1,2,2,2,1,1,0
1,2,1,2,1,2,0,1,2,2,2,2,2,2,2,1,0,1,2,2,1,2,1,2,1,2,2,1,1,0
1,1,1,0,2,1,2,0,2,2,2,2,1,1,1,2,2,2,2,1,2,1,2,1,1,2,0,2,2,0
2,0,2,2,0,2,1,2,2,2,2,2,2,1,1,1,1,2,0,1,2,2,1,1,0,2,2,2,2,1
2,2,1,2,1,2,2,2,2,2,2,2,1,1,2,1,1,2,2,2,1,2,1,2,0,2,2,1,0,0
2,2,2,2,0,2,2,1,2,2,2,2,2,2,2,2,0,2,2,1,2,1,0,2,2,2,1,2,0,0
0,1,2,2,2,2,1,2,2,2,1,2,2,1,2,2,2,2,1,2,2,2,2,2,2,2,1,1,1,1
2,2,2,1,2,2,1,2,2,2,1,2,2,2,1,2,1,2,2,1,2,2,1,1,1,2,1,2,1,1
0,2,2,0,1,2,2,2,2,2,2,2,2,0,1,2,1,2,0,2,1,2,2,2,2,2,1,2,2,0
2,2,2,1,2,1,2,2,2,2,2,1,1,0,2,2,1,2,2,2,2,2,1,1,2,2,1,2,2,0
2,1,2,2,1,2,2,1,2,2,2,2,2,1,1,1,2,2,1,2,1,1,1,1,0,2,1,1,0,0
2,1,2,2,1,2,1,2,2,2,2,2,2,1,1,0,1,2,2,2,1,2,2,2,1,2,0,1,1,0
2,2,2,2,0,1,1,2,2,2,2,2,2,1,1,0,1,2,2,2,2,1,2,0,1,2,1,1,2,0
1,2,2,2,1,1,2,2,2,2,2,2,1,1,1,2,2,2,2,2,1,1,2,0,1,2,2,0,1,0
0,2,2,2,2,0,2,2,2,2,2,2,1,2,2,2,2,2,2,2,2,2,1,1,2,2,2,1,2,0
0,2,2,2,2,2,2,0,2,2,2,2,1,2,2,1,2,2,2,1,2,1,1,1,2,2,0,1,2,0
1,2,2,1,2,1,2,2,2,2,2,2,0,2,1,2,2,1,2,1,2,1,0,1,0,2,2,1,1,0
1,2,2,2,1,2,2,2,2,2,2,2,1,2,2,1,1,2,2,1,2,2,2,2,1,2,2,2,1,0
0,2,2,2,1,1,2,2,1,2,2,2,1,1,2,0,2,2,1,1,1,2,2,1,1,2,2,2,1,0
0,2,2,1,2,1,1,1,2,2,2,2,0,1,0,1,2,1,2,1,2,0,1,2,1,2,2,2,1,0
1,2,1,2,2,2,2,2,2,2,2,2,1,1,1,2,1,2,2,2,2,1,1,1,1,2,1,2,0,1
0,0,2,2,2,2,2,2,2,2,1,2,2,1,1,1,2,1,2,1,2,1,1,0,1,2,1,1,2,1
0,1,1,2,2,2,1,2,2,2,2,2,1,2,1,2,2,1,1,2,2,1,1,2,2,2,2,2,1,0
0,1,2,1,2,1,2,2,2,2,2,2,2,2,1,2,1,2,2,2,1,1,2,1,2,2,1,2,1,1
1,1,2,2,2,2,1,1,2,2,1,2,1,2,2,1,2,1,0,2,2,2,1,0,1,2,2,2,1,0
2,2,2,2,1,2,1,1,2,2,2,2,1,2,2,1,1,2,2,1,2,2,1,2,0,2,2,2,1,0
2,2,1,2,1,1,2,1,1,2,2,1,2,1,1,1,0,2,2,2,2,1,1,2,2,2,2,0,1,0
2,1,2,2,2,2,1,1,2,2,2,2,2,1,1,1,1,1,2,1,2,1,2,1,2,2,1,1,2,0
2,2,1,0,2,2,2,1,2,2,2,2,2,1,2,2,2,1,1,1,1,0,1,1,1,2,0,0,2,0
2,1,2,2,1,2,2,2,2,2,1,2,2,2,1,2,1,2,2,2,1,2,1,2,2,2,1,1,1,0
1,1,2,2,1,0,2,1,2,2,2,2,1,2,1,1,2,2,1,1,2,2,2,1,2,2,1,0,1,0
2,2,2,1,1,1,2,1,2,2,2,2,1,1,1,2,1,1,2,2,1,0,2,1,1,2,1,1,1,0
1,1,1,2,2,1,2,1,2,2,2,2,1,1,1,0,1,2,2,2,1,2,1,1,1,2,1,2,2,1
1,1,2,2,2,1,2,1,2,2,2,1,2,1,2,2,2,2,2,2,2,2,1,0,0,2,1,1,1,0
1,2,2,2,2,0,1,1,2,2,2,2,1,0,1,2,1,1,2,2,1,2,2,2,2,2,1,1,1,0
1,2,1,2,2,2,2,2,2,2,2,2,1,1,0,0,2,2,1,2,2,1,1,2,2,2,1,1,1,1
1,2,1,1,2,2,2,2,2,2,2,2,1,2,1,2,2,2,2,2,1,2,0,2,1,2,1,1,1,1
0,1,1,2,1,2,2,1,2,2,2,2,2,1,1,1,2,2,1,1,1,1,2,2,0,2,2,2,1,0
1,2,1,1,2,2,1,1,2,2,2,1,2,1,1,2,2,2,2,1,2,2,2,1,0,2,2,1,2,0
0,2,2,1,2,2,2,1,2,2,2,2,0,1,1,1,1,2,2,2,2,2,2,1,2,2,1,1,1,1
0,1,2,2,2,0,2,2,2,2,2,2,2,0,1,2,2,2,2,1,1,2,1,1,1,2,2,1,1,0
1,2,2,1,1,2,2,2,2,2,2,2,1,1,1,2,1,2,1,1,1,1,1,2,2,2,0,1,2,0
1,2,2,2,2,2,2,1,1,2,1,2,1,1,2,1,2,2,2,2,1,2,0,2,2,2,2,2,1,0
0,2,2,2,1,2,2,2,2,2,1,2,2,1,1,1,1,2,2,2,1,2,1,2,2,2,2,2,1,0
1,2,1,2,1,1,2,1,2,2,2,1,2,1,1,2,0,1,2,0,1,1,0,2,1,2,2,1,2,1
0,2,2,2,0,1,1,0,1,2,1,2,2,1,2,2,2,1,2,1,1,1,2,0,2,2,2,1,2,0
2,1,0,2,1,2,2,2,2,2,2,2,2,0,0,2,2,2,2,2,2,2,1,1,2,2,2,1,1,0
2,2,2,2,2,2,2,2,2,2,2,2,2,2,1,1,1,2,2,1,1,1,1,1,1,2,0,2,2,0
1,1,1,2,2,1,1,2,2,2,1,2,1,1,1,1,1,2,1,1,1,1,2,0,2,2,2,2,2,0
1,0,2,1,2,1,2,1,2,2,1,2,1,1,2,1,2,2,1,1,2,2,1,1,1,2,2,1,0,0
2,2,1,2,1,2,2,0,2,2,2,2,2,0,1,1,2,2,2,1,1,2,0,0,2,2,2,2,2,1
0,2,1,2,1,0,2,2,2,2,2,1,1,1,2,2,2,2,1,2,2,2,1,1,1,2,2,1,1,1
2,2,1,1,2,2,2,2,2,2,2,1,1,2,2,0,2,2,2,0,2,2,1,0,1,2,2,2,1,0
1,2,2,2,2,2,2,1,2,2,2,2,2,2,1,2,1,2,2,1,1,2,1,2,1,2,1,1,1,0
0,1,1,2,2,2,2,2,2,2,2,2,1,1,2,1,1,2,2,1,2,1,0,2,2,2,1,0,1,1
1,2,2,2,1,1,2,1,2,2,2,2,1,1,0,2,1,2,2,1,2,2,2,2,2,2,2,1,1,0
1,1,2,2,2,1,2,1,2,2,2,2,2,2,1,1,2,2,2,2,1,2,1,2,2,2,1,1,0,1
1,2,2,2,1,2,1,2,2,2,2,2,1,2,1,1,1,2,2,2,2,2,2,0,1,2,2,1,2,0
1,2,2,2,1,0,1,1,2,2,2,2,2,2,2,1,1,1,1,2,0,2,2,2,2,2,1,2,1,0
1,2,2,2,2,1,1,2,2,1,2,2,1,1,2,1,2,1,2,2,2,0,2,2,2,2,1,1,1,0
1,2,2,2,1,2,2,2,2,2,2,2,2,0,1,1,1,1,1,1,2,2,0,1,2,2,2,2,1,0
1,2,2,2,0,1,2,1,2,1,2,2,1,1,2,0,1,2,2,1,2,1,0,1,1,2,1,1,0,0
2,2,2,2,2,1,2,2,2,2,2,2,2,0,1,0,0,1,2,2,2,2,1,2,1,2,2,2,2,0
1,2,1,2,1,1,2,1,2,2,1,2,2,2,2,2,2,2,1,0,1,2,1,1,2,2,1,2,2,0
1,1,2,2,1,2,2,2,2,2,2,2,1,2,1,2,1,2,2,1,1,1,0,1,0,2,1,1,2,0
0,1,2,2,2,2,2,2,2,2,1,2,1,1,0,1,2,1,2,2,1,2,1,0,1,2,2,2,1,1
1,2,1,2,1,2,2,1,2,2,0,1,1,0,1,1,2,1,2,1,2,1,1,2,0,2,1,0,2,1
1,1,2,2,2,1,1,1,2,2,2,2,1,1,2,2,2,2,1,1,2,2,0,0,1,2,2,1,2,1
2,2,2,1,2,2,1,1,1,2,2,2,2,1,1,2,2,2,1,1,2,1,1,2,0,2,1,1,2,0
1,1,2,2,1,1,2,2,2,2,2,2,1,1,1,2,2,2,2,1,2,2,1,2,2,2,1,2,1,0
1,1,2,2,1,1,2,2,2,2,1,2,0,2,1,1,2,1,2,2,2,2,0,1,0,2,2,2,1,1
0,1,1,2,2,2,2,2,2,2,2,2,1,1,2,1,2,1,2,2,0,2,0,1,0,2,2,2,2,0
1,1,2,2,1,2,2,2,2,2,1,2,1,0,0,2,2,1,2,1,1,2,2,2,2,2,1,1,1,0
2,2,2,1,2,1,2,1,2,2,2,2,2,2,2,2,1,1,2,1,1,1,2,2,0,2,1,1,1,0
0,2,1,2,2,2,0,2,2,2,2,2,1,0,2,2,2,1,1,0,1,1,0,1,1,2,2,1,2,0
1,2,1,1,2,2,2,1,2,2,2,2,1,2,1,2,1,2,2,2,1,2,2,2,1,2,1,2,2,0
0,2,1,2,1,2,1,2,2,2,2,2,1,1,2,0,2,2,2,2,2,2,1,2,1,2,2,1,0,1
1,2,2,2,1,1,2,1,1,2,2,2,0,2,2,2,1,1,2,1,0,2,0,1,1,2,1,2,2,0
0,1,2,2,1,2,2,2,2,2,2,1,2,1,2,1,0,1,2,2,1,1,1,1,0,2,2,2,1,0
0,1,2,2,2,1,1,2,1,2,2,2,1,2,0,2,1,2,1,2,2,1,1,1,2,2,1,1,1,0
1,2,1,0,2,2,2,1,2,2,2,2,1,2,0,2,1,2,1,1,2,1,1,1,2,2,2,2,1,0
2,2,2,2,1,0,1,0,2,2,2,2,2,1,1,0,2,1,2,2,2,2,1,2,0,2,2,2,1,0
1,2,2,2,2,2,2,2,2,1,2,2,0,2,1,1,0,2,2,2,2,1,2,2,1,2,1,0,2,0
1,1,1,2,0,2,2,1,2,2,2,1,2,1,0,0,0,1,2,2,2,0,0,1,1,2,2,1,1,0
2,2,2,2,2,2,2,2,2,2,2,2,2,2,2,1,2,2,2,2,2,2,1,1,1,2,1,0,2,0
1,1,2,1,2,2,1,1,2,2,2,2,2,1,1,2,1,2,2,2,1,2,1,2,2,2,1,2,2,0
0,2,1,2,2,0,2,1,2,2,2,1,1,2,1,2,2,2,1,1,1,2,2,0,1,2,1,2,0,0
1,2,2,2,2,1,1,2,2,2,1,2,2,1,1,0,1,1,2,1,1,2,2,1,1,2,2,2,2,0
1,2,2,2,2,2,2,2,2,2,2,2,2,1,0,1,2,2,2,2,2,2,1,2,1,2,1,2,2,0
1,1,0,2,1,2,2,1,2,2,2,1,2,2,0,2,1,2,2,2,2,0,1,2,0,2,2,1,1,1
1,1,2,1,2,1,2,2,2,2,2,2,0,1,1,0,1,0,2,1,1,2,1,1,2,2,1,1,1,0
2,2,1,2,2,0,0,2,2,2,2,2,2,1,2,0,2,1,2,2,1,1,2,2,2,2,1,2,1,0
2,2,2,2,2,1,2,0,2,2,1,2,0,2,2,1,1,2,2,2,2,2,2,2,2,2,2,0,1,0
2,1,2,2,2,1,1,2,2,2,2,2,1,0,2,1,1,2,2,0,1,2,2,1,2,2,2,0,2,0
2,1,2,1,0,1,1,1,2,2,2,2,0,2,1,1,2,1,2,1,1,2,2,2,1,2,2,1,2,0
2,2,2,2,1,1,2,1,2,2,2,2,2,2,0,0,1,0,2,1,1,2,2,2,2,2,2,1,0,0
1,1,2,1,2,2,0,2,2,2,2,1,2,1,1,1,2,2,2,2,0,2,2,1,1,2,1,0,1,0
2,2,2,2,2,2,2,2,2,2,2,2,0,2,2,1,1,1,2,2,2,1,1,2,0,2,1,2,2,0
1,2,2,2,1,2,2,1,2,2,2,2,2,1,0,1,1,2,2,2,2,2,2,2,0,2,2,2,0,1
0,2,1,2,1,2,1,2,2,2,1,2,2,1,2,1,1,2,2,2,2,2,2,1,1,2,2,1,2,0
1,2,1,2,2,2,2,1,2,2,2,2,1,2,1,1,2,2,2,2,2,2,2,2,0,2,2,2,0,1
1,2,1,2,1,1,2,2,2,1,1,1,1,2,0,2,0,2,2,2,2,1,1,2,1,2,2,2,1,0
1,2,2,1,1,1,1,2,2,2,2,2,2,1,1,1,2,2,2,2,1,2,0,2,1,2,1,2,1,0
0,1,2,1,1,2,2,1,2,2,2,2,0,0,0,0,1,2,1,2,2,2,1,2,2,2,1,1,1,0
1,2,2,2,2,2,1,1,2,2,2,2,2,1,1,1,1,1,2,1,2,1,1,1,2,2,2,2,0,0
1,2,1,2,1,2,2,1,2,2,2,2,2,2,2,1,2,2,2,1,2,2,1,0,1,2,2,1,0,0
1,1,1,1,2,2,2,1,2,2,2,2,2,1,1,1,2,1,2,1,1,2,1,1,2,2,2,2,1,0
2,2,1,1,2,2,2,2,1,2,2,2,2,2,2,2,2,1,1,0,2,2,2,2,1,2,1,2,1,0
1,2,2,2,2,2,1,2,2,2,1,2,2,0,2,1,2,1,1,1,1,1,0,1,2,2,1,0,1,0
1,2,2,1,2,1,2,0,2,2,2,2,0,0,1,1,1,2,2,2,2,1,1,2,1,2,1,2,0,0
2,1,2,2,2,1,2,2,2,2,2,2,1,1,1,1,1,2,2,1,1,2,2,1,1,2,1,2,1,0
1,2,2,2,2,0,2,1,2,2,2,2,2,2,1,1,2,2,2,1,2,0,0,0,1,2,0,1,0,1
2,1,1,1,2,1,2,2,2,2,2,1,1,2,2,2,2,2,1,1,1,1,1,2,2,2,2,0,2,0
1,2,2,2,2,2,2,1,1,2,1,2,1,1,0,1,2,2,2,1,1,1,1,2,2,2,2,2,2,1
2,2,2,2,2,2,1,1,2,2,2,1,2,1,2,1,1,2,2,2,1,2,1,1,2,2,2,2,2,1
2,2,2,2,2,2,2,1,2,2,1,1,2,0,1,2,2,0,2,2,1,2,2,1,0,2,2,1,2,1
0,1,2,1,2,1,1,0,2,2,2,2,2,0,2,0,1,2,2,2,1,1,1,1,2,2,2,2,2,1
2,1,2,2,1,2,2,1,2,2,2,2,1,1,1,1,0,2,1,1,0,2,0,1,2,2,2,2,1,0
1,2,2,2,2,2,1,1,2,2,2,2,1,1,1,0,0,1,2,2,2,2,1,1,0,2,2,1,1,0
1,2,2,1,2,1,1,2,2,2,2,2,1,2,1,1,1,2,1,2,1,2,1,1,0,2,2,2,0,0
1,2,1,1,1,2,2,0,2,2,2,2,2,2,2,1,1,1,1,1,2,2,2,1,2,2,0,1,1,0
2,1,2,1,1,1,2,2,2,1,2,2,1,0,2,1,1,2,2,1,0,1,1,1,2,2,2,2,2,0
1,2,1,2,2,1,1,0,2,2,1,2,0,1,2,2,1,2,1,2,1,2,2,1,1,2,2,0,0,0
0,2,2,2,1,1,1,2,2,2,2,2,2,2,1,1,1,2,2,2,2,2,2,1,2,2,0,1,0,0
2,2,2,2,1,0,1,2,2,2,2,2,2,2,2,1,2,2,2,1,2,1,1,1,1,2,1,2,2,1
1,2,1,2,0,1,2,1,2,2,2,2,2,1,0,2,1,1,2,1,2,2,2,1,2,2,2,1,2,0
1,2,1,2,2,2,1,1,2,2,2,2,2,2,1,1,1,2,2,2,1,1,1,1,0,2,0,1,1,1
2,2,2,2,2,2,1,2,2,2,1,2,2,2,0,2,2,2,0,1,1,1,1,2,2,2,0,1,2,0
1,2,1,2,2,1,1,0,2,2,2,2,2,2,1,1,2,2,2,1,1,1,1,0,1,2,2,1,1,0
0,1,1,1,2,1,2,2,2,2,2,1,2,2,1,1,1,2,2,2,1,2,1,1,2,2,2,0,2,0
1,2,2,2,2,1,1,2,2,2,2,2,2,1,1,0,2,2,2,2,1,1,2,2,0,2,1,0,1,0
1,1,2,2,2,1,2,0,2,2,2,1,1,2,1,1,1,1,1,1,2,2,1,2,1,2,2,2,1,1
1,1,2,2,0,2,2,2,2,2,2,2,0,1,2,1,2,2,1,0,1,2,1,2,1,2,1,1,1,0
2,2,2,2,1,1,2,1,2,2,2,2,1,1,1,2,2,1,0,2,2,2,1,2,1,2,2,1,2,0
1,2,2,2,1,2,2,2,2,2,2,2,2,1,1,2,2,1,2,2,2,0,1,1,2,2,1,1,1,0
1,2,1,2,1,2,2,2,2,2,2,2,1,2,1,1,1,2,1,1,1,2,1,2,2,2,2,2,1,0
2,2,1,2,1,1,2,2,2,2,1,2,2,1,1,1,1,2,2,2,1,2,0,0,2,2,2,2,1,0
2,2,2,2,1,1,1,1,2,2,2,2,2,0,1,2,2,2,2,1,1,2,1,1,2,2,0,2,2,0
1,1,2,2,2,2,2,1,2,2,1,2,2,1,1,1,2,1,2,2,2,0,1,2,1,2,2,0,1,1
2,2,2,1,2,1,2,1,2,2,2,2,1,1,0,0,2,2,1,1,1,1,2,1,2,2,2,1,0,0
1,2,2,2,2,2,2,1,2,2,2,2,0,1,2,2,2,2,2,1,1,2,1,1,2,2,1,2,1,1
0,1,2,2,2,2,2,2,2,2,2,2,2,2,2,1,0,2,2,1,2,2,1,2,2,2,2,2,0,1
2,1,2,2,1,1,1,2,2,1,2,2,2,1,2,2,2,1,1,2,2,2,1,2,1,2,1,1,2,1
1,2,2,2,2,1,2,2,2,2,2,2,2,2,2,0,2,2,2,2,1,1,2,1,1,2,0,1,2,0
1,2,1,1,1,2,1,0,2,1,2,1,2,1,1,2,2,2,2,2,2,2,0,2,2,2,1,1,1,0
2,1,2,2,1,1,2,1,2,2,2,2,2,2,1,0,2,1,2,1,1,1,1,2,0,2,2,2,2,0
1,1,2,2,2,1,2,2,2,2,2,2,0,0,0,1,0,0,2,2,2,1,0,1,1,2,1,1,1,0
1,2,2,2,1,2,2,1,2,2,2,2,1,1,0,1,2,2,2,1,2,2,0,2,2,2,2,1,0,1
2,2,2,1,2,1,1,1,2,2,2,2,2,0,2,2,1,1,2,1,2,2,2,2,2,2,0,2,2,0
0,1,2,2,2,1,1,2,2,1,2,2,2,2,2,1,2,2,2,2,1,2,0,2,1,2,1,1,1,1
1,2,2,2,2,2,2,2,2,2,2,1,1,2,0,2,2,2,1,2,1,0,1,1,2,2,1,1,1,0
2,2,1,2,2,2,2,2,2,2,2,1,2,1,2,2,2,2,1,0,1,2,2,1,2,2,2,2,1,0
0,2,2,2,2,0,0,1,2,2,2,2,1,0,1,1,2,2,1,1,2,1,0,0,2,2,1,1,2,1
1,2,2,1,2,1,1,1,1,2,1,2,2,2,2,2,2,2,2,0,2,2,2,2,2,2,2,2,1,1
1,1,2,1,2,2,1,1,2,2,1,2,2,2,2,1,1,2,2,2,2,2,1,2,1,2,2,2,2,0
0,2,2,2,2,1,1,2,2,2,2,2,1,0,1,2,1,1,2,1,1,2,1,1,1,2,2,2,1,0
1,2,2,1,0,2,1,2,2,2,2,2,2,0,1,2,2,2,2,2,1,1,0,2,1,2,1,2,1,0
2,1,2,1,1,2,2,1,2,1,2,2,1,1,1,2,2,2,2,2,1,2,2,1,1,2,1,2,2,1
2,2,2,1,2,1,2,2,2,2,2,2,2,1,2,2,2,2,2,2,0,2,1,1,1,2,1,1,1,1
0,2,2,1,2,2,2,1,2,2,2,2,2,2,1,2,2,2,2,2,2,2,2,1,1,2,1,1,2,0
2,0,2,2,1,1,2,2,2,2,2,2,1,1,1,2,2,1,0,1,2,1,1,2,1,2,1,2,1,1
1,2,2,2,1,2,2,1,2,2,2,2,2,2,2,2,2,1,1,2,2,2,1,2,1,2,1,2,2,0
2,1,2,1,2,1,2,1,2,2,1,2,1,2,0,2,1,1,1,2,2,2,1,1,1,2,2,2,0,1
0,2,2,2,2,1,2,1,2,2,2,2,1,2,2,1,2,1,0,1,2,1,0,0,1,2,1,2,1,0
1,1,2,1,2,1,2,2,2,2,2,2,1,1,1,2,2,2,2,2,2,2,1,0,2,2,0,2,0,0
2,1,2,2,1,2,2,1,2,2,2,2,2,2,0,0,2,2,2,2,1,2,2,1,1,2,2,2,1,0
1,1,2,2,1,1,1,1,2,2,1,2,2,1,1,0,1,1,1,2,2,2,2,1,1,2,2,2,2,0
1,2,0,1,2,1,1,2,2,2,1,2,2,1,2,1,1,1,2,1,2,2,1,0,1,2,1,0,1,0
1,1,2,2,2,1,2,2,2,2,2,2,1,2,1,2,1,1,2,1,0,1,1,2,0,2,2,1,2,0
0,2,2,2,1,2,1,2,2,2,2,2,1,0,2,2,2,1,2,2,2,1,2,1,1,2,2,1,2,0
1,1,2,2,2,2,1,2,2,2,2,2,1,0,2,2,1,1,1,1,1,2,2,2,2,2,2,1,2,1
1,2,2,2,2,2,2,2,2,1,2,2,2,0,2,2,0,2,1,0,2,2,2,1,1,2,1,2,0,0
1,2,2,1,2,1,2,0,2,2,2,2,1,0,2,1,1,1,1,2,2,1,1,0,2,2,2,1,1,0
1,1,1,1,2,2,2,2,2,2,2,2,1,0,1,2,1,1,1,2,1,1,2,2,2,2,2,1,2,0
2,2,2,2,1,1,2,1,2,2,2,2,0,1,1,2,1,1,2,2,1,2,1,2,2,2,2,2,1,0
2,1,2,2,1,1,2,2,2,2,2,2,1,2,2,1,2,2,2,2,2,2,0,2,2,2,2,2,2,0
0,2,2,2,1,2,2,2,2,2,2,2,2,0,1,1,2,2,2,1,0,2,1,1,2,2,2,1,2,0
1,2,1,2,0,1,2,0,2,2,1,2,2,2,1,2,0,2,2,1,2,0,2,1,1,2,1,2,2,0
1,1,2,1,2,1,0,1,2,2,1,2,2,1,0,2,2,1,2,2,1,1,2,1,1,2,2,1,1,0
0,2,2,2,2,1,2,2,2,2,2,1,0,2,0,1,1,1,2,2,1,0,1,1,1,2,2,2,1,0
0,2,2,2,0,2,1,2,2,2,2,2,2,1,2,1,1,0,2,1,2,2,2,2,0,2,1,2,2,1
2,2,2,2,0,2,1,1,2,2,2,2,1,2,1,2,1,1,2,1,2,2,2,2,1,2,2,1,1,1
1,2,2,2,2,2,2,1,2,2,1,2,1,1,1,0,1,2,2,2,2,2,1,1,2,2,2,2,1,0
1,2,1,2,2,2,2,1,2,2,2,2,2,2,1,1,1,1,1,0,2,2,1,2,2,2,2,1,0,0
0,2,1,2,2,1,2,1,2,2,2,1,2,1,1,1,2,2,1,1,2,2,1,0,1,2,1,2,2,0
0,2,2,2,2,2,1,2,1,2,1,1,2,2,1,2,1,2,2,2,1,0,1,1,2,2,2,2,1,0
0,2,2,2,0,2,1,0,2,2,1,2,2,1,2,2,1,2,2,2,2,2,2,1,1,2,1,1,1,1
0,2,2,2,2,1,2,1,2,2,2,2,1,2,1,1,2,2,2,1,1,1,1,2,1,2,2,2,0,0
1,2,1,2,2,2,2,1,2,2,2,2,2,1,2,2,2,2,1,2,2,2,1,0,2,2,1,0,0,1
0,1,2,2,1,1,1,2,2,1,2,2,2,2,1,1,1,2,2,1,0,2,1,2,1,2,2,1,2,0
2,2,2,2,2,2,2,2,2,2,0,2,2,2,2,2,2,1,2,2,2,2,0,1,1,2,2,1,2,0
1,2,2,2,2,2,2,2,2,2,2,2,2,1,1,2,2,1,2,2,2,1,2,0,1,2,2,2,1,0
1,2,2,2,1,1,0,1,2,1,2,2,2,1,1,2,2,2,1,2,2,2,1,2,1,2,2,2,1,0
1,2,2,2,0,1,2,0,2,2,2,2,2,1,1,2,0,1,1,2,1,2,2,1,1,2,1,2,2,0
1,2,2,2,2,2,2,1,2,2,2,2,1,1,0,1,1,2,2,2,1,2,1,1,1,2,0,0,1,1
1,1,2,2,2,2,2,2,2,2,2,2,1,2,2,1,1,2,2,2,0,1,2,2,1,2,2,2,2,0
0,2,1,2,1,2,0,0,2,2,2,2,2,2,1,2,1,1,1,2,1,2,1,2,1,2,1,1,1,0
1,2,2,2,1,2,2,1,2,2,2,2,2,1,1,0,2,2,2,2,2,1,1,2,1,2,1,1,1,0
2,1,1,2,2,2,1,1,2,2,1,2,2,2,2,1,2,2,2,2,1,2,2,2,2,2,0,2,1,1
1,2,2,1,2,2,2,2,2,2,2,2,0,2,1,1,1,2,2,1,2,2,2,0,1,2,0,1,2,0
1,2,2,2,1,2,2,1,2,1,2,2,2,1,1,1,1,2,2,2,1,2,2,2,1,2,1,1,1,1
1,1,2,2,1,1,1,2,2,2,2,2,0,2,1,2,1,2,1,2,1,2,2,2,1,2,1,2,2,0
2,0,0,2,1,2,2,1,2,2,2,2,2,1,2,2,2,1,1,2,1,1,1,0,1,2,2,2,1,0
1,0,1,2,2,2,2,0,2,2,1,2,2,1,0,0,0,2,1,1,2,2,2,1,2,2,1,1,2,0
0,1,2,2,1,2,1,0,2,2,2,2,2,1,1,2,1,2,2,2,1,2,1,1,2,2,1,1,1,1
2,2,1,1,1,2,1,1,2,2,2,2,1,2,0,1,0,2,2,2,1,2,2,2,2,2,2,1,0,0
1,1,1,1,2,2,2,1,2,2,2,2,2,1,0,0,2,2,2,2,2,2,2,0,2,2,1,0,1,0
0,2,2,1,2,2,2,1,2,2,2,2,2,1,2,2,0,2,1,1,2,1,1,0,2,2,0,1,2,1
2,2,2,2,1,0,2,1,2,2,1,2,2,1,1,2,1,2,2,2,2,2,2,1,2,2,1,2,1,0
0,2,2,1,2,2,2,1,2,2,1,2,0,2,1,2,1,2,2,2,2,1,2,2,1,2,2,2,1,0
0,2,2,2,1,2,2,2,2,2,1,2,2,0,2,1,2,2,2,1,1,2,1,1,2,2,1,1,2,0
0,2,1,2,2,1,2,2,2,2,2,2,1,2,0,2,1,2,2,1,0,1,1,2,2,2,2,1,0,0
1,2,1,1,2,2,2,2,2,2,2,2,2,1,0,1,2,2,1,2,2,1,2,0,2,2,0,1,2,0
2,2,2,1,1,2,2,0,2,2,2,2,1,1,1,2,0,2,2,2,0,2,1,2,2,2,2,1,1,0
1,1,2,2,2,2,2,2,2,2,2,2,1,1,2,1,2,2,1,1,1,2,2,1,1,2,1,1,2,0
1,2,1,2,1,2,1,1,2,1,1,2,0,0,2,2,0,2,1,0,2,2,2,1,2,2,2,1,2,1
1,2,1,2,2,2,2,2,2,2,2,2,1,0,1,2,1,2,1,1,2,1,1,1,1,2,1,2,1,1
2,1,2,2,2,1,1,2,1,2,2,2,1,1,0,0,2,1,2,2,2,1,2,1,1,2,2,2,0,0
1,2,2,2,2,1,2,2,2,2,1,2,2,2,1,1,2,1,2,2,2,2,0,1,2,2,1,1,1,0
2,2,2,2,2,0,1,1,2,2,1,2,1,2,1,2,2,2,2,1,0,2,1,2,2,2,2,1,2,1
1,2,2,2,0,2,2,1,2,2,2,2,2,1,1,1,2,2,1,1,1,2,2,0,1,2,1,2,2,1
1,2,2,2,1,2,2,1,2,2,2,2,0,1,2,2,2,2,2,1,2,2,2,2,2,2,2,2,2,0
1,2,2,2,1,2,2,1,2,2,2,2,2,0,2,0,2,1,2,2,2,1,1,1,1,2,2,2,2,0
0,2,2,2,1,1,1,1,2,2,1,2,1,1,2,0,1,2,1,1,2,2,2,0,2,2,2,0,2,0
0,2,1,2,2,1,2,2,1,2,2,1,2,1,2,1,2,2,1,1,2,0,2,1,1,2,0,1,1,0
1,1,1,1,0,1,1,0,2,2,2,2,1,0,2,2,0,1,2,2,2,2,2,0,0,2,2,1,2,0
1,2,2,2,2,2,2,2,2,2,1,2,2,1,2,2,2,2,1,2,0,1,1,2,2,2,1,0,2,1
1,2,2,2,2,2,1,2,2,2,1,2,2,0,1,2,1,2,2,2,2,2,1,2,2,2,1,1,1,0
0,2,2,2,2,2,2,0,2,2,1,2,2,0,2,1,2,2,2,2,2,1,1,0,1,2,2,1,1,0
0,2,2,2,2,2,2,2,2,2,2,1,1,2,1,1,2,2,1,1,1,2,2,2,1,2,2,1,0,0
1,2,1,1,2,2,2,2,2,2,2,1,1,1,0,1,2,0,2,1,1,2,1,2,1,2,2,2,1,0
1,2,2,2,1,2,1,1,2,2,2,2,2,2,1,0,2,0,1,1,2,2,1,0,0,2,2,1,2,0
0,2,2,2,1,2,2,1,2,2,1,1,1,1,0,1,1,2,1,0,1,1,1,1,1,2,1,1,2,1
1,2,2,2,2,2,1,2,1,2,2,2,1,2,2,1,2,2,0,2,2,2,2,0,2,2,2,1,1,1
2,2,1,1,0,2,2,1,2,2,2,2,1,1,2,1,1,0,2,2,2,2,0,2,2,2,2,1,0,0
0,1,2,2,2,1,2,2,2,2,2,2,1,2,1,1,1,2,2,2,2,1,1,2,1,2,1,1,1,1
1,1,1,2,0,1,2,2,2,2,1,2,2,1,1,1,0,2,2,0,0,1,1,1,1,2,1,0,2,0
1,2,2,2,1,2,2,1,2,2,2,2,1,1,2,1,2,2,2,2,1,2,1,1,0,2,0,0,0,0
1,2,2,2,2,1,1,1,2,2,1,2,1,0,2,1,2,2,2,2,2,1,1,2,2,2,1,2,1,1
0,1,2,1,2,1,2,0,2,2,2,2,2,1,1,2,1,2,2,2,1,2,1,1,1,2,2,2,2,0
1,1,2,1,2,1,1,1,2,2,2,2,2,2,1,2,1,2,2,2,2,2,2,2,1,2,2,1,1,0
0,2,2,1,1,1,2,1,2,2,1,2,2,2,1,1,2,2,2,2,1,2,2,0,2,2,1,1,1,0
1,2,2,1,2,0,2,2,2,2,1,2,2,1,2,0,2,1,1,2,2,1,2,2,2,2,2,2,1,1
1,2,1,2,2,2,2,2,2,2,1,2,2,1,2,1,2,2,2,2,1,2,1,1,1,2,1,1,1,0
0,2,2,2,2,2,1,2,2,2,1,2,1,1,2,2,1,2,0,2,2,2,1,1,2,2,2,1,2,0
0,1,2,2,1,2,2,2,2,2,1,2,2,1,1,2,2,1,2,2,1,1,1,0,2,2,0,0,1,0
1,2,2,2,2,0,2,2,2,2,2,2,0,1,0,2,2,1,2,2,1,2,2,2,2,2,1,1,2,0
2,2,1,2,2,2,2,2,2,2,2,2,1,1,2,1,2,2,2,1,1,1,2,2,2,2,2,1,2,0
2,1,2,2,0,2,2,2,2,2,2,2,2,1,1,1,2,2,2,1,1,0,2,1,0,2,1,1,2,0
1,2,2,1,2,2,1,2,2,2,2,2,1,2,1,1,2,2,2,1,1,2,2,2,1,2,1,1,2,0
1,1,2,2,1,0,1,1,1,2,2,2,2,1,1,1,2,2,1,2,1,2,1,2,0,2,1,1,1,0
2,2,2,2,1,1,2,1,2,2,2,2,2,1,1,1,2,1,2,2,1,2,0,2,2,2,2,1,2,0
1,2,2,2,1,1,2,2,2,2,2,2,2,2,1,1,1,2,2,1,2,1,1,2,2,2,1,1,2,0
1,1,2,2,2,2,1,2,2,2,2,2,1,2,1,1,2,2,1,2,2,1,0,2,0,2,2,1,1,1
2,1,2,2,1,2,2,1,2,1,1,2,1,1,1,1,1,0,2,2,2,2,1,2,2,2,1,2,2,1
2,1,2,2,1,1,2,2,2,1,1,2,2,1,1,1,2,2,2,2,1,1,2,2,1,2,1,0,2,1
2,1,2,2,1,1,2,1,2,2,2,2,2,0,1,2,1,1,2,1,2,2,1,2,1,2,2,1,2,0
2,1,1,2,1,2,2,1,2,2,2,2,2,2,2,1,1,1,2,1,2,2,1,2,1,2,2,2,1,0
1,2,1,2,0,2,1,1,1,2,2,2,2,0,1,2,2,2,2,2,1,2,0,0,1,2,1,1,0,0
0,2,2,2,2,1,2,1,2,2,2,2,0,1,2,1,1,2,1,1,0,1,2,2,1,2,2,2,2,0
1,2,2,1,2,2,2,2,2,2,0,2,1,1,1,1,1,2,2,2,2,1,2,2,2,2,1,1,2,0
2,2,2,2,1,1,2,2,2,2,1,2,1,2,1,1,2,2,1,2,1,2,1,1,0,2,2,1,2,1
1,1,1,2,2,1,2,2,2,2,2,2,2,2,1,0,2,1,2,2,1,2,2,2,2,2,1,2,0,1
0,2,2,2,1,2,2,2,2,2,2,2,2,2,1,0,1,1,2,1,1,2,1,0,1,2,2,2,1,0
1,2,2,1,2,1,1,2,2,2,2,2,0,2,0,2,2,2,1,0,1,2,0,1,2,2,2,1,2,0
1,2,2,2,2,2,2,1,2,2,2,2,0,2,1,1,0,2,2,1,2,2,1,1,1,2,2,1,2,0
0,1,2,1,2,2,1,2,2,2,2,2,1,2,2,2,2,2,2,2,2,2,2,2,0,2,0,1,1,1
1,2,2,2,1,1,2,2,2,2,2,2,2,2,1,2,2,1,2,1,2,2,1,2,1,2,2,1,2,0
2,1,2,2,1,1,2,2,2,2,2,2,1,1,2,0,1,2,2,2,2,0,2,1,1,2,1,1,2,0
0,2,2,2,2,0,2,2,2,2,2,2,2,1,1,2,1,2,1,2,1,1,1,1,2,2,2,2,2,0
1,2,2,2,2,2,2,1,2,2,2,2,1,2,2,1,1,2,1,2,1,1,2,2,1,2,2,2,1,0
0,1,1,2,1,1,1,2,2,2,2,2,2,1,0,2,1,2,2,2,1,2,2,1,1,2,2,1,0,0
1,2,2,2,2,2,1,1,2,2,2,2,1,1,1,2,2,2,1,2,2,2,0,0,1,2,1,2,2,0
1,1,1,2,2,1,2,2,2,2,2,2,2,0,1,2,1,2,1,0,2,2,1,2,2,2,2,2,1,0
1,1,1,1,2,2,2,0,2,1,2,2,2,0,1,0,2,1,2,2,2,1,1,1,2,2,1,2,1,1
2,2,2,1,2,1,2,1,1,2,2,2,2,1,2,2,2,1,2,1,1,2,0,0,0,2,1,2,2,0
1,2,2,1,1,0,1,0,2,2,1,2,2,2,2,0,1,1,2,2,2,2,2,2,2,2,2,2,1,0
0,2,2,1,1,1,2,1,2,2,1,2,1,1,1,1,2,1,2,2,1,1,1,1,1,2,2,2,1,0
0,1,2,2,2,1,1,1,2,2,1,2,1,2,0,2,0,2,2,2,2,2,0,0,2,2,1,1,1,1
1,2,2,2,1,1,2,2,1,2,2,2,1,2,2,1,0,2,2,2,0,2,0,1,1,2,2,1,1,0
2,1,2,2,2,2,1,1,2,2,2,2,2,1,0,0,0,2,1,2,2,1,1,0,2,2,1,1,2,0
1,2,2,2,1,2,0,0,2,2,2,2,0,2,1,1,2,1,2,1,2,1,2,1,1,2,2,2,1,1
2,2,2,2,2,2,2,2,2,2,2,0,2,1,2,2,2,2,2,2,2,2,0,2,2,2,2,1,1,0
0,2,2,1,2,1,2,2,2,2,2,2,2,2,1,1,2,1,2,2,1,0,1,1,1,2,1,1,1,0
2,1,2,2,1,1,2,2,2,2,2,2,2,2,1,1,2,2,2,2,1,1,1,2,0,2,2,1,1,0
1,2,1,2,2,1,2,1,2,2,1,2,1,2,1,1,1,2,2,1,2,2,1,2,2,2,1,1,0,0
0,2,0,2,1,2,1,0,2,2,2,2,1,1,0,1,1,0,2,2,2,2,1,1,0,2,1,2,2,0
0,2,2,2,2,2,1,1,2,2,0,2,2,1,2,1,0,2,1,2,1,2,2,1,1,2,1,1,2,0
2,2,2,2,2,2,2,2,2,2,2,1,1,0,1,2,1,2,2,2,2,2,1,2,2,2,1,2,0,1
1,1,2,2,1,2,2,2,1,2,2,2,2,1,1,2,1,2,2,2,2,2,1,0,1,2,1,2,0,0
0,2,2,2,0,2,1,1,2,2,2,2,0,0,2,0,2,1,1,2,1,2,1,2,2,2,2,2,2,0
1,1,2,2,2,2,2,2,2,2,2,2,2,1,1,1,2,2,1,2,2,2,2,1,1,2,1,1,1,0
0,2,2,2,2,2,1,2,2,2,2,2,2,2,0,1,1,2,1,2,2,2,0,1,2,2,0,1,1,0
0,2,2,2,2,1,1,1,2,2,2,2,2,2,1,1,2,2,1,1,2,2,1,1,1,2,2,1,0,0
1,2,2,1,2,0,2,1,2,2,1,2,1,1,2,2,1,1,2,0,0,2,1,2,2,2,1,2,1,0
2,1,1,2,2,1,1,2,2,2,2,2,1,1,1,2,2,2,2,1,0,2,1,2,2,2,1,1,2,0
0,2,2,2,2,1,1,1,2,2,2,2,1,1,1,2,1,2,2,0,2,1,1,2,0,2,2,2,2,0
1,2,2,2,0,2,1,2,1,2,2,2,2,1,2,2,2,2,2,1,2,1,2,1,1,2,1,2,1,0
1,2,1,2,2,2,2,2,2,2,2,2,2,1,0,1,0,2,2,2,1,2,2,0,1,2,1,1,0,0
1,2,2,2,1,1,2,1,2,2,2,2,1,0,1,2,1,0,2,2,2,2,1,0,1,2,1,2,1,0
0,2,2,2,2,1,2,2,2,2,2,2,2,2,1,2,1,1,2,2,2,1,2,2,1,2,2,2,1,1
0,2,2,1,2,1,2,1,2,2,1,2,2,0,1,2,2,2,2,2,1,2,1,0,1,2,2,2,2,0
2,2,1,2,2,2,1,1,2,2,2,2,0,0,2,2,1,2,2,2,1,1,2,2,1,2,1,1,1,0
1,2,2,1,2,2,1,2,2,2,2,2,1,1,1,2,2,2,1,2,1,1,2,2,2,2,1,1,2,0
2,2,2,2,2,1,2,2,2,2,2,2,0,0,0,1,1,2,2,2,1,0,1,1,1,2,2,0,2,0
1,2,2,1,0,2,2,2,2,2,2,2,1,2,1,1,2,2,2,0,2,2,1,2,1,2,2,2,2,0
1,2,2,2,1,2,1,0,2,2,1,1,1,0,1,0,1,2,2,2,2,1,1,2,1,2,1,0,0,0
2,2,1,2,1,2,2,2,2,2,2,2,2,2,2,0,1,2,1,1,2,2,1,1,2,2,1,1,1,0
1,2,2,2,0,1,2,2,2,2,1,1,1,0,2,0,2,2,2,1,2,1,2,2,1,2,2,2,2,1
1,2,2,2,2,1,2,1,2,2,1,2,1,2,1,1,1,2,2,2,1,1,1,1,2,2,2,2,1,1
1,2,2,2,0,2,1,2,2,1,2,2,2,2,1,2,1,2,2,0,1,2,1,1,2,2,2,1,1,0
2,2,0,1,2,2,2,1,2,1,2,2,2,1,0,1,1,1,2,2,2,1,0,1,2,2,2,2,2,1
1,2,1,2,1,2,1,1,2,2,0,2,1,2,1,1,2,1,2,2,1,2,1,1,0,2,1,0,1,0
0,2,2,1,2,1,2,1,2,2,2,2,1,2,2,1,1,2,2,2,0,2,0,0,0,2,2,1,1,0
2,1,2,2,2,1,2,2,2,2,1,1,2,0,1,1,2,1,2,1,2,2,1,0,2,2,2,2,1,1
0,2,2,2,1,2,1,2,2,2,2,2,2,1,1,0,0,1,2,1,1,1,1,1,1,2,2,2,1,0
1,2,2,2,1,1,2,1,2,2,2,2,1,1,2,2,1,0,0,2,2,2,1,1,2,2,2,1,1,0
2,1,2,0,2,2,2,1,2,2,2,2,2,1,1,2,2,1,1,2,1,2,1,2,1,2,1,2,1,0
2,2,1,2,1,1,1,2,2,2,2,2,2,2,1,2,2,2,2,2,1,2,2,2,1,2,2,2,2,1
0,2,2,1,2,0,2,2,2,2,2,2,1,2,2,2,1,2,2,2,2,2,0,1,1,2,1,1,2,0
2,1,2,2,2,2,2,2,2,2,1,2,2,1,2,0,1,0,1,2,1,2,2,2,0,2,0,2,1,0
2,2,1,1,2,2,2,2,2,2,2,2,2,1,1,2,2,2,2,1,2,0,0,1,0,2,2,2,0,1
0,2,2,1,2,1,1,1,2,2,1,2,1,0,2,1,2,2,2,1,2,1,1,2,1,2,2,2,2,0
1,1,2,2,2,1,2,2,2,2,2,1,1,1,2,1,2,2,0,2,2,0,2,2,2,2,1,2,2,1
2,2,2,1,2,1,2,2,2,2,2,2,0,1,1,1,1,2,1,1,2,0,1,1,1,2,1,1,1,0
2,1,1,2,2,0,2,2,2,2,1,2,0,2,2,2,1,2,1,1,2,1,2,0,1,2,2,2,1,1
0,2,1,2,1,2,2,1,2,2,2,2,1,1,0,2,0,2,2,1,1,2,1,2,1,2,1,2,1,1
2,2,2,2,2,1,1,2,2,2,1,2,1,2,2,2,1,2,2,1,1,2,2,2,2,2,1,0,2,0
1,2,0,2,0,1,2,2,2,2,2,2,2,1,0,1,1,2,2,2,0,2,0,2,0,2,2,1,1,0
2,1,1,2,2,1,1,2,2,2,2,2,1,2,2,0,1,2,1,2,2,2,0,2,1,2,2,1,1,0
0,1,2,1,2,1,2,1,2,2,0,2,1,2,1,2,0,2,2,1,2,2,2,1,1,2,2,2,1,0
